Short branch name,Branch,Region,Klasifikasi Liga 2024,"Klasifikasi Liga 2025, W1","Klasifikasi Liga 2025, W2","Klasifikasi Liga 2025, AVG Score",LIGA 2026
7010 - EIGER Adventure Store Abdurahman Saleh Sumedang,JAWA BARAT 3,REGION 2,SILVER,GOLD,GOLD,GOLD,GOLD
2233 - EIGER Adventure Store A.Yani Cilegon,DKI 3,REGION 1,GOLD,GOLD,GOLD,GOLD,GOLD
2364 - EIGER Adventure Store Zainul Arifin Stabat,SUMATERA 3,REGION 3,GOLD,GOLD,GOLD,GOLD,GOLD
2313 - EIGER Adventure Store Siliwangi Cirebon,JAWA BARAT 3,REGION 2,SILVER,GOLD,GOLD,GOLD,GOLD
2172 - EIGER Adventure Store Cibarusah Bekasi,DKI 2,REGION 1,SILVER,GOLD,GOLD,GOLD,GOLD
2099 - EIGER Adventure Store Diponegoro TulungAgung,JAWA TIMUR 2,REGION 4,SILVER,GOLD,GOLD,GOLD,GOLD
7008 - EIGER Adventure Store Kawi Kepanjen Malang,JAWA TIMUR 2,REGION 4,SILVER,GOLD,GOLD,GOLD,GOLD
2135 - EIGER Adventure Store Kemanggisan Grogol Petamburan,DKI 1,REGION 1,SILVER,GOLD,GOLD,GOLD,GOLD
2337 - EIGER Adventure Store Pluit Tanjungpriok,DKI 1,REGION 1,GOLD,GOLD,GOLD,GOLD,GOLD
2301 - EIGER Adventure Store Yudanegara Tasikmalaya,JAWA BARAT 3,REGION 2,BRONZE,GOLD,GOLD,GOLD,GOLD
5122 - EIGER Adventure Store Grand Mall Maros,IBT 2,REGION 5,SILVER,GOLD,GOLD,GOLD,GOLD
5042 - EIGER Adventure Store Malang Olympic Garden Malang,JAWA TIMUR 2,REGION 4,GOLD,GOLD,GOLD,GOLD,GOLD
2140 - EIGER Adventure Store Sriwijaya Tanjung Pandan,SUMATERA 1,REGION 2,SILVER,GOLD,GOLD,GOLD,GOLD
7017 - EIGER Adventure Store Ahmad Dahlan Purworejo,JAWA TENGAH 1,REGION 3,GOLD,GOLD,GOLD,GOLD,GOLD
2208 - EIGER Adventure Store Jakgung Suprapto Ngawi,JAWA TIMUR 3,REGION 4,SILVER,GOLD,GOLD,GOLD,GOLD
2336 - EIGER Adventure Store A.Yani Pacitan,JAWA TIMUR 3,REGION 4,GOLD,GOLD,GOLD,GOLD,GOLD
2125 - EIGER Adventure Store Pengayoman Makassar,IBT 2,REGION 5,GOLD,GOLD,GOLD,GOLD,GOLD
2202 - EIGER Adventure Store Diponegoro Ungaran Semarang,JAWA TENGAH 2,REGION 3,SILVER,SILVER,GOLD,GOLD,SILVER
5036 - EIGER Adventure Store Karawang Ctr Plaza Karawang,JAWA BARAT 4,REGION 2,SILVER,GOLD,GOLD,GOLD,GOLD
2342 - EIGER Adventure Store Brig. Katamso Wonosari,JAWA TENGAH 1,REGION 3,GOLD,GOLD,GOLD,GOLD,GOLD
7016 - EIGER Adventure Store Pandanaran Boyolali,JAWA TENGAH 1,REGION 3,GOLD,SILVER,GOLD,GOLD,SILVER
2324 - EIGER Adventure Store Majid Ibrahim Sigli,SUMATERA 3,REGION 3,SILVER,GOLD,GOLD,GOLD,GOLD
2231 - EIGER Adventure Store Kepatihan Bandung,JAWA BARAT 1,REGION 2,GOLD,SILVER,GOLD,GOLD,SILVER
7035 - EIGER Adventure Store Jen.Sudirman Trenggalek,JAWA TIMUR 3,REGION 4,SILVER,SILVER,GOLD,GOLD,SILVER
7046 - EIGER Adventure Store Simpang Empat Batulicin,IBT 1,REGION 5,SILVER,GOLD,GOLD,GOLD,GOLD
5089 - EIGER Adventure Store Plaza Asia Tasikmalaya,JAWA BARAT 3,REGION 2,SILVER,BRONZE,GOLD,GOLD,SILVER
5164 - EIGER Adventure Store Blok M Plaza Kebayoran Baru,DKI 1,REGION 1,GOLD,BRONZE,GOLD,GOLD,SILVER
2207 - EIGER Adventure Store Kondang Majalaya Bandung,JAWA BARAT 4,REGION 2,SILVER,GOLD,GOLD,GOLD,GOLD
2271 - EIGER Adventure Store Tebet Kebayoran Baru,DKI 1,REGION 1,SILVER,SILVER,GOLD,GOLD,SILVER
2215 - EIGER Adventure Store Diponegoro Banyuwangi,JAWA TIMUR 2,REGION 4,BRONZE,SILVER,GOLD,GOLD,SILVER
2079 - EIGER Adventure Store Rajawali Pelembang,SUMATERA 1,REGION 2,SILVER,GOLD,SILVER,GOLD,SILVER
2004 - EIGER Adventure Flagship Store Cihampelas Bandung,JAWA BARAT 1,REGION 2,SILVER,SILVER,GOLD,GOLD,SILVER
2108 - EIGER Adventure Store Majapahit Semarang,JAWA TENGAH 2,REGION 3,GOLD,GOLD,GOLD,GOLD,GOLD
2102 - EIGER Adventure Store Plaju Pelembang,SUMATERA 1,REGION 2,BRONZE,GOLD,GOLD,GOLD,GOLD
2043 - EIGER Adventure Store HM Joyo Martono Bekasi,DKI 2,REGION 1,SILVER,SILVER,GOLD,GOLD,SILVER
2218 - EIGER Adventure Store Moh Hatta Luwuk,IBT 2,REGION 5,SILVER,SILVER,GOLD,GOLD,SILVER
2225 - EIGER Adventure Store Antasari Bandar Lampung,SUMATERA 1,REGION 2,GOLD,GOLD,GOLD,GOLD,GOLD
2192 - EIGER Adventure Store Letjen Suwarto Banjar,JAWA BARAT 3,REGION 2,GOLD,GOLD,GOLD,GOLD,GOLD
2266 - EIGER Adventure Flagship Store Andi Djemma Makassar,IBT 2,REGION 5,RISING STAR,SILVER,GOLD,GOLD,SILVER
2168 - EIGER Adventure Store Tentara Pelajar Tasikmalaya,JAWA BARAT 3,REGION 2,GOLD,GOLD,GOLD,GOLD,GOLD
2007 - EIGER Adventure Store Ujung Berung Bandung,JAWA BARAT 2,REGION 2,SILVER,SILVER,GOLD,GOLD,SILVER
2109 - EIGER Adventure Store Gusdur Jombang,JAWA TIMUR 3,REGION 4,SILVER,BRONZE,GOLD,GOLD,SILVER
2263 - EIGER Adventure Store Yos Sudarso Sanggatta,IBT 1,REGION 5,SILVER,SILVER,GOLD,GOLD,SILVER
2015 - EIGER Adventure Store Dr Cipto CSB Cirebon,JAWA BARAT 3,REGION 2,SILVER,BRONZE,GOLD,GOLD,SILVER
2356 - EIGER Adventure Store Ngurah Rai Sanur Denpasar,IBT 3,REGION 5,SILVER,GOLD,GOLD,GOLD,GOLD
2273 - EIGER Adventure Store Pb Sudirman Situbondo,JAWA TIMUR 2,REGION 4,GOLD,SILVER,GOLD,GOLD,SILVER
2053 - EIGER Adventure Store Slamet Riyadi Surakarta,JAWA TENGAH 1,REGION 3,GOLD,SILVER,GOLD,GOLD,SILVER
2150 - EIGER Adventure Store Veteran Blitar,JAWA TIMUR 2,REGION 4,GOLD,GOLD,GOLD,GOLD,GOLD
7032 - EIGER Adventure Store Raya Barat Cimahi,JAWA BARAT 4,REGION 2,SILVER,SILVER,GOLD,GOLD,SILVER
2130 - EIGER Adventure Store Daan Mogot Tangerang,DKI 3,REGION 1,SILVER,BRONZE,GOLD,GOLD,SILVER
2113 - EIGER Adventure Store A.Yani Wonosobo,JAWA TENGAH 2,REGION 3,SILVER,BRONZE,GOLD,GOLD,SILVER
2085 - EIGER Adventure Store Sunan Kudus,JAWA TENGAH 2,REGION 3,SILVER,GOLD,GOLD,GOLD,GOLD
2283 - EIGER Adventure Store A.Yani Serang,DKI 3,REGION 1,SILVER,GOLD,GOLD,GOLD,GOLD
2363 - EIGER Adventure Store Percetakan Negara Jayapura,IBT 4,REGION 5,SILVER,SILVER,GOLD,GOLD,SILVER
2196 - EIGER Adventure Store Cokroaminoto Kisaran,SUMATERA 3,REGION 3,GOLD,SILVER,GOLD,GOLD,SILVER
5045 - EIGER Adventure Store Plaza Medan Fair Medan,SUMATERA 3,REGION 3,SILVER,SILVER,GOLD,GOLD,SILVER
5108 - EIGER Adventure Store Mega Mall Pontianak,IBT 1,REGION 5,GOLD,GOLD,GOLD,GOLD,GOLD
2044 - EIGER Adventure Store Pahlawan Mojokerto,JAWA TIMUR 3,REGION 4,SILVER,SILVER,GOLD,GOLD,SILVER
2066 - EIGER Adventure Store A.Yani Banyuwangi,JAWA TIMUR 2,REGION 4,SILVER,GOLD,GOLD,GOLD,GOLD
2316 - EIGER Adventure Store Jamin Ginting Kabanjahe,SUMATERA 3,REGION 3,GOLD,SILVER,GOLD,GOLD,SILVER
2267 - EIGER Adventure Store Masjid Jamik Pangkal Pinang,SUMATERA 1,REGION 2,SILVER,GOLD,SILVER,GOLD,SILVER
2223 - EIGER Adventure Store RE Martadinata Cikarang,DKI 2,REGION 1,RISING STAR,SILVER,GOLD,GOLD,SILVER
2131 - EIGER Adventure Store Bojongsoang Bandung,JAWA BARAT 4,REGION 2,SILVER,GOLD,GOLD,GOLD,GOLD
2320 - EIGER Adventure Store Juanda Medan,SUMATERA 3,REGION 3,BRONZE,SILVER,GOLD,GOLD,SILVER
7018 - EIGER Adventure Store Jen.Sudirman Pemalang,JAWA TENGAH 2,REGION 3,RISING STAR,GOLD,GOLD,GOLD,GOLD
2176 - EIGER Adventure Store Raya Serang Pandeglang,DKI 3,REGION 1,BRONZE,SILVER,GOLD,GOLD,SILVER
5026 - EIGER Adventure Store Kota Kasablanka Mall Kebayoran Baru,DKI 1,REGION 1,SILVER,SILVER,GOLD,GOLD,SILVER
2387 - EIGER Adventure Store Surapati Bandung,JAWA BARAT 2,REGION 2,SILVER,SILVER,GOLD,GOLD,SILVER
2201 - EIGER Adventure Store Soekarno Hatta Kendal,JAWA TENGAH 2,REGION 3,SILVER,SILVER,GOLD,GOLD,SILVER
2393 - EIGER Adventure Store Grand Depok Depok,DKI 4,REGION 1,SILVER,BRONZE,GOLD,GOLD,SILVER
2245 - EIGER Adventure Store A.Yani Rantau Prapat,SUMATERA 3,REGION 3,GOLD,SILVER,GOLD,GOLD,SILVER
7031 - EIGER Adventure Store Rajawali Surabaya,JAWA TIMUR 1,REGION 4,SILVER,BRONZE,GOLD,GOLD,SILVER
5105 - EIGER Adventure Store Lippo Plaza Jember,JAWA TIMUR 2,REGION 4,SILVER,BRONZE,GOLD,GOLD,SILVER
2184 - EIGER Adventure Store KH Abdulah Cianjur,JAWA BARAT 4,REGION 2,GOLD,SILVER,GOLD,GOLD,SILVER
2016 - EIGER Adventure Store Teuku Umar Denpasar,IBT 3,REGION 5,RISING STAR,BRONZE,GOLD,GOLD,SILVER
2220 - EIGER Adventure Store Juanda Ciamis,JAWA BARAT 3,REGION 2,SILVER,SILVER,GOLD,GOLD,SILVER
7041 - EIGER Adventure Store Kaharuddin Marpoyan Pekanbaru,SUMATERA 2,REGION 3,SILVER,BRONZE,GOLD,GOLD,SILVER
7005 - EIGER Adventure Store Pemuda Klaten,JAWA TENGAH 1,REGION 3,BRONZE,SILVER,GOLD,GOLD,SILVER
2038 - EIGER Adventure Store Kaliurang Yogyakarta,JAWA TENGAH 1,REGION 3,SILVER,GOLD,SILVER,GOLD,SILVER
2240 - EIGER Adventure Store Citeureup Cibinong,DKI 4,REGION 1,SILVER,SILVER,GOLD,GOLD,SILVER
5000 - EIGER Adventure Store Bandung Indah Plaza Bandung,JAWA BARAT 1,REGION 2,SILVER,SILVER,GOLD,GOLD,SILVER
2304 - EIGER Adventure Store Parahyangan KBP Ngamprah,JAWA BARAT 4,REGION 2,SILVER,SILVER,GOLD,GOLD,SILVER
2117 - EIGER Adventure Store Jen.Sudirman Purwokerto,JAWA TENGAH 2,REGION 3,SILVER,SILVER,GOLD,GOLD,SILVER
2339 - EIGER Adventure Store Pasar Minggu Kebayoran Baru,DKI 1,REGION 1,BRONZE,SILVER,GOLD,GOLD,SILVER
2229 - EIGER Adventure Store Soekarno Hatta Bima,IBT 3,REGION 5,SILVER,SILVER,GOLD,SILVER,SILVER
2189 - EIGER Adventure Store S.Kalijaga Rangkas Bitung,DKI 3,REGION 1,GOLD,SILVER,GOLD,SILVER,SILVER
2258 - EIGER Adventure Store Diponegoro Bondowoso,JAWA TIMUR 2,REGION 4,BRONZE,SILVER,GOLD,SILVER,SILVER
2210 - EIGER Adventure Flagship Store Soekarno Surabaya,JAWA TIMUR 1,REGION 4,BRONZE,BRONZE,GOLD,SILVER,SILVER
2325 - EIGER Adventure Store Sudirman The Hok Jambi,SUMATERA 2,REGION 3,BRONZE,BRONZE,GOLD,SILVER,SILVER
7020 - EIGER Adventure Store Sunan Drajat Lamongan,JAWA TIMUR 3,REGION 4,SILVER,GOLD,BRONZE,SILVER,SILVER
2178 - EIGER Adventure Store Jati Asih Bekasi,DKI 2,REGION 1,GOLD,SILVER,GOLD,SILVER,SILVER
7026 - EIGER Adventure Store Kopo Bihbul Bandung,JAWA BARAT 4,REGION 2,GOLD,SILVER,GOLD,SILVER,SILVER
2303 - EIGER Adventure Store Pemuda Rembang,JAWA TENGAH 2,REGION 3,SILVER,SILVER,GOLD,SILVER,SILVER
2345 - EIGER Adventure Store HB Yasin Gorontalo,IBT 4,REGION 5,BRONZE,BRONZE,GOLD,SILVER,SILVER
2351 - EIGER Adventure Store SM Raja Balige,SUMATERA 3,REGION 3,SILVER,BRONZE,GOLD,SILVER,SILVER
2049 - EIGER Adventure Store Panglima Sudirman Gresik,JAWA TIMUR 3,REGION 4,BRONZE,BRONZE,GOLD,SILVER,SILVER
2009 - EIGER Adventure Store Setiabudhi Bandung,JAWA BARAT 1,REGION 2,BRONZE,BRONZE,GOLD,SILVER,SILVER
2328 - EIGER Adventure Store Parung Depok,DKI 4,REGION 1,GOLD,SILVER,GOLD,SILVER,SILVER
2265 - EIGER Adventure Store Hankam Bekasi,DKI 2,REGION 1,SILVER,BRONZE,GOLD,SILVER,SILVER
2123 - EIGER Adventure Store Marelan Medan,SUMATERA 3,REGION 3,GOLD,BRONZE,GOLD,SILVER,SILVER
2260 - EIGER Adventure Store Pahlawan Kusuma Kediri,JAWA TIMUR 3,REGION 4,GOLD,BRONZE,GOLD,SILVER,SILVER
7030 - EIGER Adventure Store Sumur Putih Pamekasan,JAWA TIMUR 1,REGION 4,SILVER,SILVER,SILVER,SILVER,SILVER
2346 - EIGER Adventure Store Ruko Gateway Waru Sidoarjo,JAWA TIMUR 1,REGION 4,GOLD,SILVER,GOLD,SILVER,SILVER
2279 - EIGER Adventure Store Simpang Empat Bireuen,SUMATERA 3,REGION 3,SILVER,GOLD,BRONZE,SILVER,SILVER
7034 - EIGER Adventure Store Yos Sudarso Nganjuk,JAWA TIMUR 3,REGION 4,GOLD,SILVER,SILVER,SILVER,SILVER
2318 - EIGER Adventure Store Diponegoro Brebes,JAWA TENGAH 2,REGION 3,SILVER,BRONZE,GOLD,SILVER,SILVER
2094 - EIGER Adventure Store Abdul Halim Majalengka,JAWA BARAT 3,REGION 2,BRONZE,GOLD,BRONZE,SILVER,SILVER
7013 - EIGER Adventure Store Raya Klari Karawang,JAWA BARAT 4,REGION 2,SILVER,BRONZE,GOLD,SILVER,SILVER
7042 - EIGER Adventure Store Perintis Daya Makassar,IBT 2,REGION 5,GOLD,BRONZE,GOLD,SILVER,SILVER
2205 - EIGER Adventure Store Jen.Sudirman Bengkalis,SUMATERA 2,REGION 3,SILVER,SILVER,GOLD,SILVER,SILVER
2226 - EIGER Adventure Store Andi Makkasar Pare Pare,IBT 2,REGION 5,SILVER,SILVER,SILVER,SILVER,SILVER
7036 - EIGER Adventure Store MT Haryono Balikpapan,IBT 1,REGION 5,SILVER,SILVER,SILVER,SILVER,SILVER
7014 - EIGER Adventure Store Soekarno Solo Baru Sukoharjo,JAWA TENGAH 1,REGION 3,SILVER,BRONZE,GOLD,SILVER,SILVER
2003 - EIGER Adventure Store Pelajar Pejuang Bandung,JAWA BARAT 2,REGION 2,SILVER,BRONZE,GOLD,SILVER,SILVER
2036 - EIGER Adventure Store Basuki Rahmat Surabaya,JAWA TIMUR 1,REGION 4,GOLD,BRONZE,GOLD,SILVER,SILVER
5017 - EIGER Adventure Store Grage Mall Cirebon,JAWA BARAT 3,REGION 2,BRONZE,SILVER,GOLD,SILVER,SILVER
5165 - EIGER Adventure Store Summarecon Mall Bandung,JAWA BARAT 2,REGION 2,GOLD,SILVER,GOLD,SILVER,SILVER
2321 - EIGER Adventure Store Sipin Jambi,SUMATERA 2,REGION 3,BRONZE,GOLD,BRONZE,SILVER,SILVER
7025 - EIGER Adventure Store Kertabumi Karawang,JAWA BARAT 4,REGION 2,BRONZE,GOLD,BRONZE,SILVER,SILVER
2203 - EIGER Adventure Store Jatiwaringin Bekasi,DKI 2,REGION 1,BRONZE,BRONZE,GOLD,SILVER,SILVER
2261 - EIGER Adventure Store MT Haryono Kendari,IBT 2,REGION 5,SILVER,GOLD,SILVER,SILVER,SILVER
7007 - EIGER Adventure Store Panglima Sudirman Lumajang,JAWA TIMUR 2,REGION 4,SILVER,BRONZE,GOLD,SILVER,SILVER
2307 - EIGER Adventure Store Tambun City Bekasi,DKI 2,REGION 1,SILVER,SILVER,SILVER,SILVER,SILVER
2212 - EIGER Adventure Store Kemang Kebayoran Baru,DKI 1,REGION 1,BRONZE,SILVER,SILVER,SILVER,SILVER
2039 - EIGER Adventure Store Simanjuntak Yogyakarta,JAWA TENGAH 1,REGION 3,SILVER,SILVER,GOLD,SILVER,SILVER
2069 - EIGER Adventure Store Karimata Jember,JAWA TIMUR 2,REGION 4,SILVER,BRONZE,GOLD,SILVER,SILVER
2002 - EIGER Adventure Flagship Store Sumatera Bandung,JAWA BARAT 2,REGION 2,GOLD,SILVER,SILVER,SILVER,SILVER
2308 - EIGER Adventure Store Akhmad Muksin Tenggarong,IBT 1,REGION 5,SILVER,SILVER,SILVER,SILVER,SILVER
5056 - EIGER Adventure Store Citraland Mall Semarang,JAWA TENGAH 2,REGION 3,GOLD,SILVER,SILVER,SILVER,SILVER
7012 - EIGER Adventure Store Cimanuk Pedes Garut,JAWA BARAT 3,REGION 2,BRONZE,SILVER,SILVER,SILVER,SILVER
2100 - EIGER Adventure Store Jen.Sudirman Kuningan,JAWA BARAT 3,REGION 2,BRONZE,BRONZE,GOLD,SILVER,SILVER
2397 - EIGER Tactical Store Sumatera Bandung,JAWA BARAT 2,REGION 2,SILVER,BRONZE,GOLD,SILVER,SILVER
2305 - EIGER Adventure Store Lembang Bandung Barat,JAWA BARAT 4,REGION 2,BRONZE,BRONZE,GOLD,SILVER,SILVER
2264 - EIGER Adventure Store Pemuda Jepara,JAWA TENGAH 2,REGION 3,BRONZE,BRONZE,GOLD,SILVER,SILVER
2180 - EIGER Adventure Store Dramaga Bogor,DKI 4,REGION 1,SILVER,BRONZE,GOLD,SILVER,SILVER
2159 - EIGER Adventure Store Soekarno Tabanan,IBT 3,REGION 5,BRONZE,SILVER,SILVER,SILVER,SILVER
2352 - EIGER Adventure Store A.Yani Martapura Banjar,IBT 1,REGION 5,SILVER,GOLD,BRONZE,SILVER,SILVER
2319 - EIGER Adventure Store Magelang Sleman,JAWA TENGAH 1,REGION 3,BRONZE,BRONZE,GOLD,SILVER,SILVER
2090 - EIGER Adventure Store Jen.Sudirman Purwakarta,JAWA BARAT 4,REGION 2,SILVER,BRONZE,GOLD,SILVER,SILVER
2306 - EIGER Adventure Store Lawu Cerbonan Karanganyar,JAWA TENGAH 1,REGION 3,GOLD,GOLD,BRONZE,SILVER,SILVER
2384 - EIGER Adventure Store Jembrana Negara,IBT 3,REGION 5,BRONZE,SILVER,BRONZE,SILVER,SILVER
2030 - EIGER Adventure Store Setiabudhi Semarang,JAWA TENGAH 2,REGION 3,GOLD,BRONZE,GOLD,SILVER,SILVER
2083 - EIGER Adventure Store Laode Hadi Kendari,IBT 2,REGION 5,GOLD,SILVER,SILVER,SILVER,SILVER
2045 - EIGER Adventure Store A.Yani Ambon,IBT 4,REGION 5,SILVER,SILVER,SILVER,SILVER,SILVER
2197 - EIGER Adventure Store Riau Pekanbaru,SUMATERA 2,REGION 3,SILVER,SILVER,SILVER,SILVER,SILVER
7028 - EIGER Adventure Store Wisma Asri Bekasi,DKI 2,REGION 1,GOLD,GOLD,BRONZE,SILVER,SILVER
2190 - EIGER Adventure Store Bintaro Utama Tangerang,DKI 3,REGION 1,BRONZE,BRONZE,GOLD,SILVER,SILVER
2011 - EIGER Adventure Store Amir Machmud Cimahi,JAWA BARAT 4,REGION 2,GOLD,SILVER,SILVER,SILVER,SILVER
2322 - EIGER Adventure Store Gajah Mada Maumere,IBT 3,REGION 5,GOLD,BRONZE,GOLD,SILVER,SILVER
7033 - EIGER Adventure Store Kol. Sunandar Pati,JAWA TENGAH 2,REGION 3,SILVER,BRONZE,GOLD,SILVER,SILVER
2219 - EIGER Adventure Store Raya Mastrip Surabaya,JAWA TIMUR 1,REGION 4,BRONZE,BRONZE,GOLD,SILVER,SILVER
2327 - EIGER Adventure Store Sukorejo Wonogiri,JAWA TENGAH 1,REGION 3,SILVER,BRONZE,GOLD,SILVER,SILVER
2054 - EIGER Adventure Flagship Store Radio Dalam Kebayoran Baru,DKI 1,REGION 1,SILVER,SILVER,BRONZE,SILVER,SILVER
2105 - EIGER Adventure Store Wachid Hasyim Pasuruan,JAWA TIMUR 2,REGION 4,GOLD,BRONZE,GOLD,SILVER,SILVER
2317 - EIGER Adventure Store Raya Manado Bitung,IBT 4,REGION 5,SILVER,BRONZE,SILVER,SILVER,SILVER
2018 - EIGER Adventure Flagship Store Sunset Road Mengwi,IBT 3,REGION 5,BRONZE,BRONZE,GOLD,SILVER,SILVER
2008 - EIGER Adventure Store Pajajaran Bogor,DKI 4,REGION 1,BRONZE,BRONZE,GOLD,SILVER,SILVER
2326 - EIGER Adventure Store Merdeka Lhokseumawe,SUMATERA 3,REGION 3,GOLD,BRONZE,GOLD,SILVER,SILVER
2246 - EIGER Adventure Store Sawojajar Malang,JAWA TIMUR 2,REGION 4,SILVER,SILVER,SILVER,SILVER,SILVER
2068 - EIGER Adventure Flagship Store Jatinangor Sumedang,JAWA BARAT 3,REGION 2,SILVER,BRONZE,GOLD,SILVER,SILVER
2186 - EIGER Adventure Store A.Yani Metro - Lampung,SUMATERA 1,REGION 2,SILVER,BRONZE,GOLD,SILVER,SILVER
2330 - EIGER Adventure Store Cemengkalang Sidoarjo,JAWA TIMUR 1,REGION 4,RISING STAR,BRONZE,GOLD,SILVER,SILVER
2365 - EIGER Adventure Store Cibinong Cibinong,DKI 4,REGION 1,BRONZE,SILVER,SILVER,SILVER,SILVER
2191 - EIGER Adventure Store Transyogi Cibubur Cibinong,DKI 4,REGION 1,SILVER,BRONZE,GOLD,SILVER,SILVER
2120 - EIGER Adventure Store Narogong Bekasi,DKI 2,REGION 1,SILVER,SILVER,BRONZE,SILVER,SILVER
5163 - EIGER Adventure Store Citraland Mall Grogol Petamburan,DKI 1,REGION 1,GOLD,BRONZE,GOLD,SILVER,SILVER
2057 - EIGER Adventure Store Damar Padang,SUMATERA 2,REGION 3,SILVER,SILVER,SILVER,SILVER,SILVER
7004 - EIGER Adventure Store Gajah Mada Ponorogo,JAWA TIMUR 3,REGION 4,SILVER,BRONZE,GOLD,SILVER,SILVER
2310 - EIGER Adventure Store Meruya Grogol Petamburan,DKI 1,REGION 1,SILVER,BRONZE,GOLD,SILVER,SILVER
2354 - EIGER Adventure Store Batang Bungo Muara Bungo,SUMATERA 2,REGION 3,BRONZE,BRONZE,GOLD,SILVER,SILVER
2278 - EIGER Adventure Store Jen.Sudirman Bantul,JAWA TENGAH 1,REGION 3,GOLD,SILVER,BRONZE,SILVER,SILVER
7044 - EIGER Adventure Store Pelalawan Pangkalan Kerinci,SUMATERA 2,REGION 3,SILVER,BRONZE,SILVER,SILVER,SILVER
7011 - EIGER Adventure Store DI Panjaitan Indramayu,JAWA BARAT 3,REGION 2,SILVER,SILVER,SILVER,SILVER,SILVER
2315 - EIGER Adventure Store Pemuda Demak,JAWA TENGAH 2,REGION 3,SILVER,BRONZE,GOLD,SILVER,SILVER
2299 - EIGER Adventure Store A.Yani Kertasuro Sukoharjo,JAWA TENGAH 1,REGION 3,GOLD,GOLD,SILVER,SILVER,SILVER
2019 - EIGER Adventure Flagship Store Margonda Depok,DKI 4,REGION 1,SILVER,BRONZE,GOLD,SILVER,SILVER
2375 - EIGER Adventure Store Lintas Sumatera Indralaya,SUMATERA 1,REGION 2,SILVER,SILVER,BRONZE,SILVER,SILVER
2309 - EIGER Adventure Store Rawamangun Cakung,DKI 2,REGION 1,GOLD,SILVER,BRONZE,SILVER,SILVER
2286 - EIGER Adventure Store Andi Djemma Palopo,IBT 2,REGION 5,SILVER,BRONZE,GOLD,SILVER,SILVER
2200 - EIGER Adventure Store Siliwangi Jatibarang Indramayu,JAWA BARAT 3,REGION 2,SILVER,BRONZE,SILVER,SILVER,SILVER
5085 - EIGER Adventure Store Metropolitan Mall Bekasi,DKI 2,REGION 1,BRONZE,BRONZE,GOLD,SILVER,SILVER
2023 - EIGER Adventure Store Pattimura Kediri,JAWA TIMUR 3,REGION 4,BRONZE,BRONZE,SILVER,BRONZE,BRONZE
7024 - EIGER Adventure Store Panam Pekanbaru,SUMATERA 2,REGION 3,GOLD,GOLD,BRONZE,BRONZE,SILVER
2052 - EIGER Adventure Store Patimura Salatiga,JAWA TENGAH 2,REGION 3,SILVER,BRONZE,GOLD,BRONZE,SILVER
2077 - EIGER Adventure Store Pahlawan Sidoarjo,JAWA TIMUR 1,REGION 4,GOLD,BRONZE,SILVER,BRONZE,BRONZE
2194 - EIGER Adventure Store A.Yani Magetan,JAWA TIMUR 3,REGION 4,BRONZE,BRONZE,GOLD,BRONZE,SILVER
2060 - EIGER Adventure Store M Yamin Samarinda,IBT 1,REGION 5,BRONZE,SILVER,BRONZE,BRONZE,BRONZE
2272 - EIGER Adventure Store Ngurah Rai Singaraja,IBT 3,REGION 5,RISING STAR,BRONZE,GOLD,BRONZE,SILVER
2122 - EIGER Adventure Store Kelapa Gading Tanjungpriok,DKI 1,REGION 1,BRONZE,BRONZE,GOLD,BRONZE,SILVER
2382 - EIGER Adventure Store Uluwatu Mengwi,IBT 3,REGION 5,GOLD,BRONZE,SILVER,BRONZE,BRONZE
2334 - EIGER Adventure Store Jonosewojo Bkt Darmo Surabaya,JAWA TIMUR 1,REGION 4,BRONZE,SILVER,BRONZE,BRONZE,BRONZE
2269 - EIGER Adventure Store Kalimalang Cakung,DKI 2,REGION 1,RISING STAR,SILVER,BRONZE,BRONZE,BRONZE
2129 - EIGER Adventure Store Iskandar Pelembang,SUMATERA 1,REGION 2,SILVER,BRONZE,BRONZE,BRONZE,BRONZE
2041 - EIGER Adventure Store Buah Batu Bandung,JAWA BARAT 2,REGION 2,GOLD,BRONZE,SILVER,BRONZE,BRONZE
7002 - EIGER Adventure Store Serpong Tangerang,DKI 3,REGION 1,SILVER,BRONZE,BRONZE,BRONZE,BRONZE
2127 - EIGER Adventure Store Sumber Cirebon,JAWA BARAT 3,REGION 2,RISING STAR,BRONZE,SILVER,BRONZE,BRONZE
2377 - EIGER Adventure Store Piere Tendean Manado,IBT 4,REGION 5,SILVER,BRONZE,GOLD,BRONZE,SILVER
2152 - EIGER Adventure Store Pemuda Kebumen,JAWA TENGAH 1,REGION 3,BRONZE,BRONZE,GOLD,BRONZE,SILVER
2188 - EIGER Adventure Store Jatibening Bekasi,DKI 2,REGION 1,SILVER,BRONZE,GOLD,BRONZE,SILVER
2343 - EIGER Adventure Store Datoe Binangkang Kotamobagu,IBT 4,REGION 5,GOLD,BRONZE,GOLD,BRONZE,SILVER
7027 - EIGER Adventure Store Diponegoro Surabaya,JAWA TIMUR 1,REGION 4,SILVER,BRONZE,SILVER,BRONZE,BRONZE
2281 - EIGER Adventure Store Pemuda Banjarnegara,JAWA TENGAH 2,REGION 3,SILVER,BRONZE,SILVER,BRONZE,BRONZE
2383 - EIGER Adventure Store Trikora Manokwari,IBT 4,REGION 5,SILVER,BRONZE,GOLD,BRONZE,SILVER
5052 - EIGER Adventure Store Mall SKA Pekanbaru,SUMATERA 2,REGION 3,BRONZE,BRONZE,BRONZE,BRONZE,BRONZE
2355 - EIGER Adventure Store Hasanudin Sumbawa Besar,IBT 3,REGION 5,BRONZE,BRONZE,SILVER,BRONZE,BRONZE
2270 - EIGER Adventure Store Trunojoyo Bangkalan,JAWA TIMUR 1,REGION 4,BRONZE,BRONZE,SILVER,BRONZE,BRONZE
5112 - EIGER Adventure Store Q Mall Banjarbaru,IBT 1,REGION 5,SILVER,BRONZE,GOLD,BRONZE,SILVER
2187 - EIGER Adventure Store Cinere Depok,DKI 4,REGION 1,SILVER,BRONZE,GOLD,BRONZE,SILVER
2182 - EIGER Adventure Store Basuki Rahmat Tuban,JAWA TIMUR 3,REGION 4,BRONZE,BRONZE,GOLD,BRONZE,SILVER
2013 - EIGER Adventure Flagship Store Siliwangi Bogor,DKI 4,REGION 1,SILVER,BRONZE,SILVER,BRONZE,BRONZE
2070 - EIGER Adventure Store Cokroaminoto Yogyakarta,JAWA TENGAH 1,REGION 3,SILVER,BRONZE,SILVER,BRONZE,BRONZE
2056 - EIGER Adventure Store Setiabudi Medan,SUMATERA 3,REGION 3,BRONZE,BRONZE,BRONZE,BRONZE,BRONZE
7040 - EIGER Adventure Store Panglima Polem Banda Aceh,SUMATERA 3,REGION 3,GOLD,SILVER,BRONZE,BRONZE,BRONZE
7047 - EIGER Adventure Store A.Yani Magelang,JAWA TENGAH 1,REGION 3,SILVER,BRONZE,BRONZE,BRONZE,BRONZE
5014 - EIGER Adventure Store Botani Square Bogor,DKI 4,REGION 1,SILVER,BRONZE,BRONZE,BRONZE,BRONZE
2065 - EIGER Adventure Store Juanda Ciputat Tangerang,DKI 3,REGION 1,SILVER,BRONZE,SILVER,BRONZE,BRONZE
2121 - EIGER Adventure Store Gatot Subroto Denpasar,IBT 3,REGION 5,SILVER,BRONZE,SILVER,BRONZE,BRONZE
2385 - EIGER Adventure Store Tanah Hitam Abepura Jayapura,IBT 4,REGION 5,RISING STAR,BRONZE,BRONZE,BRONZE,BRONZE
7015 - EIGER Adventure Store Ruko AR Hakim Square Tegal,JAWA TENGAH 2,REGION 3,RISING STAR,BRONZE,BRONZE,BRONZE,BRONZE
2398 - EIGER Adventure Flagship Store Manyar 2 Surabaya,JAWA TIMUR 1,REGION 4,SILVER,BRONZE,BRONZE,BRONZE,BRONZE
7037 - EIGER Adventure Store Martadinata Manado,IBT 4,REGION 5,SILVER,SILVER,BRONZE,BRONZE,BRONZE
5048 - EIGER Adventure Store Palembang Square Pelembang,SUMATERA 1,REGION 2,SILVER,BRONZE,BRONZE,BRONZE,BRONZE
2349 - EIGER Adventure Store Kayu Agung Indralaya,SUMATERA 1,REGION 2,SILVER,BRONZE,BRONZE,BRONZE,BRONZE
2185 - EIGER Adventure Store Jen.Sudirman Purbalingga,JAWA TENGAH 2,REGION 3,RISING STAR,BRONZE,BRONZE,BRONZE,BRONZE
2280 - EIGER Adventure Store Tanjung,IBT 1,REGION 5,SILVER,SILVER,BRONZE,BRONZE,BRONZE
2239 - EIGER Adventure Store Siliwangi Cibadak Sukabumi,JAWA BARAT 4,REGION 2,SILVER,BRONZE,BRONZE,BRONZE,BRONZE
2344 - EIGER Adventure Store Akses UI Depok,DKI 4,REGION 1,BRONZE,BRONZE,SILVER,BRONZE,BRONZE
2268 - EIGER Adventure Store A.Yani Bone Watampone,IBT 2,REGION 5,BRONZE,BRONZE,SILVER,BRONZE,BRONZE
2367 - EIGER Adventure Store Pinang Ranti Cakung,DKI 2,REGION 1,GOLD,SILVER,BRONZE,BRONZE,BRONZE
2024 - EIGER Adventure Store Cak Doko Kupang,IBT 3,REGION 5,SILVER,BRONZE,SILVER,BRONZE,BRONZE
2276 - EIGER Adventure Store A.Yani Blora,JAWA TENGAH 2,REGION 3,SILVER,BRONZE,BRONZE,BRONZE,BRONZE
2368 - EIGER Adventure Store Gunung Krakatau Medan,SUMATERA 3,REGION 3,BRONZE,BRONZE,GOLD,BRONZE,SILVER
2224 - EIGER Adventure Store Ngaliyan Semarang,JAWA TENGAH 2,REGION 3,SILVER,BRONZE,SILVER,BRONZE,BRONZE
2032 - EIGER Adventure Store Katamso Semarang,JAWA TENGAH 2,REGION 3,SILVER,BRONZE,BRONZE,BRONZE,BRONZE
2228 - EIGER Adventure Store Perintis Makassar,IBT 2,REGION 5,RISING STAR,BRONZE,SILVER,BRONZE,BRONZE
2119 - EIGER Adventure Store Otto Iskandardinata Subang,JAWA BARAT 4,REGION 2,RISING STAR,GOLD,BRONZE,BRONZE,SILVER
2025 - EIGER Adventure Store Kol.Mahardi Madiun,JAWA TIMUR 3,REGION 4,SILVER,BRONZE,SILVER,BRONZE,BRONZE
5025 - EIGER Adventure Store Mall Atrium Tanah Abang,DKI 1,REGION 1,BRONZE,BRONZE,BRONZE,BRONZE,BRONZE
7039 - EIGER Adventure Store Hasanuddin Samarinda,DKI 4,REGION 1,SILVER,SILVER,BRONZE,BRONZE,BRONZE
7003 - EIGER Adventure Store A.Yani Cilacap,JAWA TENGAH 2,REGION 3,BRONZE,BRONZE,GOLD,BRONZE,SILVER
2332 - EIGER Adventure Store Canggu Mengwi,IBT 3,REGION 5,RISING STAR,BRONZE,BRONZE,BRONZE,BRONZE
2376 - EIGER Adventure Store S.Parman Malang,JAWA TIMUR 2,REGION 4,SILVER,BRONZE,BRONZE,BRONZE,BRONZE
2118 - EIGER Adventure Store Taman Siswa Yogyakarta,JAWA TENGAH 1,REGION 3,GOLD,BRONZE,BRONZE,BRONZE,BRONZE
2284 - EIGER Adventure Store TDM Kupang,IBT 3,REGION 5,BRONZE,BRONZE,BRONZE,BRONZE,BRONZE
2104 - EIGER Adventure Store Sutomo PematangSiantar,SUMATERA 3,REGION 3,BRONZE,BRONZE,BRONZE,BRONZE,BRONZE
5074 - EIGER Adventure Store TangCity Tangerang,DKI 3,REGION 1,SILVER,BRONZE,BRONZE,BRONZE,BRONZE
2022 - EIGER Adventure Store Buaran Cakung,DKI 2,REGION 1,RISING STAR,BRONZE,SILVER,BRONZE,BRONZE
7023 - EIGER Adventure Store Slamet Riyadi Samarinda,IBT 1,REGION 5,BRONZE,BRONZE,BRONZE,BRONZE,BRONZE
2116 - EIGER Adventure Store Cokroaminoto Tangerang,DKI 3,REGION 1,GOLD,BRONZE,BRONZE,BRONZE,BRONZE
2302 - EIGER Adventure Store Juanda Karawang,JAWA BARAT 4,REGION 2,SILVER,BRONZE,BRONZE,BRONZE,BRONZE
2348 - EIGER Adventure Store Mojosari Mojokerto,JAWA TIMUR 3,REGION 4,BRONZE,BRONZE,BRONZE,BRONZE,BRONZE
5158 - EIGER Adventure Store Bandara Soetta Tangerang,DKI 3,REGION 1,SILVER,BRONZE,BRONZE,BRONZE,BRONZE
2244 - EIGER Adventure Store A.Yani Balikpapan,IBT 1,REGION 5,BRONZE,BRONZE,SILVER,BRONZE,BRONZE
2291 - EIGER Adventure Store Jen.Sudirman Muara Enim,SUMATERA 1,REGION 2,BRONZE,BRONZE,BRONZE,BRONZE,BRONZE
2067 - EIGER Adventure Store Salemba Tanah Abang,DKI 1,REGION 1,SILVER,BRONZE,BRONZE,BRONZE,BRONZE
7043 - EIGER Adventure Store Pahlawan Revolusi Ternate,IBT 4,REGION 5,BRONZE,BRONZE,BRONZE,BRONZE,BRONZE
2300 - EIGER Adventure Store Leo Watimena Ambon,IBT 4,REGION 5,BRONZE,BRONZE,BRONZE,BRONZE,BRONZE
2204 - EIGER Adventure Store Siliwangi Pamulang Tangerang,DKI 3,REGION 1,BRONZE,BRONZE,BRONZE,BRONZE,BRONZE
2259 - EIGER Adventure Store MT Haryono Temanggung,JAWA TENGAH 1,REGION 3,SILVER,BRONZE,BRONZE,BRONZE,BRONZE
2236 - EIGER Adventure Store H.Ashari Cipondoh Tangerang,DKI 3,REGION 1,BRONZE,BRONZE,GOLD,BRONZE,SILVER
2199 - EIGER Adventure Store A.Yani Banjarmasin,IBT 1,REGION 5,BRONZE,BRONZE,BRONZE,BRONZE,BRONZE
5159 - EIGER Adventure Store AEON Mall Sentul Cibinong,DKI 4,REGION 1,BRONZE,BRONZE,BRONZE,BRONZE,BRONZE
2124 - EIGER Adventure Store A.Yani Waingapu,IBT 3,REGION 5,RISING STAR,BRONZE,SILVER,BRONZE,BRONZE
5064 - EIGER Adventure Store Plaza Tunjungan II Surabaya,JAWA TIMUR 1,REGION 4,SILVER,BRONZE,BRONZE,BRONZE,BRONZE
2243 - EIGER Adventure Store Batara Guru Bau-Bau,IBT 2,REGION 5,SILVER,BRONZE,BRONZE,BRONZE,BRONZE
2292 - EIGER Adventure Store Pemuda Kolaka,IBT 2,REGION 5,BRONZE,BRONZE,SILVER,BRONZE,BRONZE
7038 - EIGER Adventure Store Jen.Sudirman Lubuk Pakam,SUMATERA 3,REGION 3,SILVER,BRONZE,BRONZE,BRONZE,BRONZE
2029 - EIGER Adventure Store Soekarno Hatta Malang,JAWA TIMUR 2,REGION 4,BRONZE,BRONZE,BRONZE,BRONZE,BRONZE
7045 - EIGER Adventure Store Gatot Subroto Ende,IBT 3,REGION 5,BRONZE,BRONZE,BRONZE,BRONZE,BRONZE
5069 - EIGER Adventure Store Royal Plaza Surabaya,JAWA TIMUR 1,REGION 4,BRONZE,BRONZE,BRONZE,BRONZE,BRONZE
2242 - EIGER Adventure Store Sudirman Probolinggo,JAWA TIMUR 2,REGION 4,SILVER,BRONZE,BRONZE,BRONZE,BRONZE
2329 - EIGER Adventure Store Budi Utomo Timika,IBT 4,REGION 5,GOLD,BRONZE,BRONZE,BRONZE,BRONZE