User ID,Site Code,Display Name,Rank,Role,City,Province,Role,Region,Branch
2019,2019,2019 - EIGER Adventure Flagship Store Margonda Depok,2019 - EIGER Adventure Flagship Store Margonda Depok Store Head,Store,KOTA DEPOK,JAWA BARAT,Store,REGION 1,DKI 4
2065,2065,2065 - EIGER Adventure Store Juanda Ciputat Tangerang,2065 - EIGER Adventure Store Juanda Ciputat Tangerang Store Head,Store,KOTA TANGERANG SELATAN,BANTEN,Store,REGION 1,DKI 3
2310,2310,2310 - EIGER Adventure Store Meruya Grogol Petamburan,2310 - EIGER Adventure Store Meruya Grogol Petamburan Store Head,Store,KOTA JAKARTA BARAT,DKI JAKARTA,Store,REGION 1,DKI 1
2054,2054,2054 - EIGER Adventure Flagship Store Radio Dalam Kebayoran Baru,2054 - EIGER Adventure Flagship Store Radio Dalam Kebayoran Baru Store Head,Store,KOTA JAKARTA SELATAN,DKI JAKARTA,Store,REGION 1,DKI 1
2233,2233,2233 - EIGER Adventure Store A.Yani Cilegon,2233 - EIGER Adventure Store A.Yani Cilegon Store Head,Store,KOTA CILEGON,BANTEN,Store,REGION 1,DKI 3
2370,2370,2370 - EIGER Adventure Store Sutomo Padang,2370 - EIGER Adventure Store Sutomo Padang Store Head,Store,KOTA PADANG,SUMATERA BARAT,Store,REGION 2,SUMATERA 2
2457,2457,2457 - EIGER Store Metland Cileungsi,2457 - EIGER Store Metland Cileungsi Store Head,Store,KABUPATEN BOGOR,JAWA BARAT,Store,REGION 1,DKI 4
7049,7049,7049 - EIGER Adventure Store Tole Iskandar Depok,7049 - EIGER Adventure Store Tole Iskandar Depok Store Head,Store,KOTA DEPOK,JAWA BARAT,Store,REGION 1,DKI 4
2446,2446,2446 - EIGER Adventure Store Lubang Buaya Cakung,2446 - EIGER Adventure Store Lubang Buaya Cakung Store Head,Store,KOTA JAKARTA TIMUR,DKI JAKARTA,Store,REGION 1,DKI 2
2022,2022,2022 - EIGER Adventure Store Buaran Cakung,2022 - EIGER Adventure Store Buaran Cakung Store Head,Store,KOTA JAKARTA TIMUR,DKI JAKARTA,Store,REGION 1,DKI 2
2307,2307,2307 - EIGER Adventure Store Tambun City Bekasi,2307 - EIGER Adventure Store Tambun City Bekasi Store Head,Store,KABUPATEN BEKASI,JAWA BARAT,Store,REGION 1,DKI 2
2200,2200,2200 - EIGER Adventure Store Siliwangi Jatibarang Indramayu,2200 - EIGER Adventure Store Siliwangi Jatibarang Indramayu Store Head,Store,KABUPATEN INDRAMAYU,JAWA BARAT,Store,REGION 2,JAWA BARAT 3
2002,2002,2002 - EIGER Adventure Flagship Store Sumatera Bandung,2002 - EIGER Adventure Flagship Store Sumatera Bandung Store Head,Store,KOTA BANDUNG,JAWA BARAT,Store,REGION 2,JAWA BARAT 2
2004,2004,2004 - EIGER Adventure Flagship Store Cihampelas Bandung,2004 - EIGER Adventure Flagship Store Cihampelas Bandung Store Head,Store,KOTA BANDUNG,JAWA BARAT,Store,REGION 2,JAWA BARAT 1
2094,2094,2094 - EIGER Adventure Store Abdul Halim Majalengka,2094 - EIGER Adventure Store Abdul Halim Majalengka Store Head,Store,KABUPATEN MAJALENGKA,JAWA BARAT,Store,REGION 2,JAWA BARAT 3
2344,2344,2344 - EIGER Adventure Store Akses UI Depok,2344 - EIGER Adventure Store Akses UI Depok Store Head,Store,KOTA DEPOK,JAWA BARAT,Store,REGION 1,DKI 4
2117,2117,2117 - EIGER Adventure Store Jen.Sudirman Purwokerto,2117 - EIGER Adventure Store Jen.Sudirman Purwokerto Store Head,Store,KABUPATEN BANYUMAS,JAWA TENGAH,Store,REGION 3,JAWA TENGAH 2
5085,5085,5085 - EIGER Adventure Store Metropolitan Mall Bekasi,5085 - EIGER Adventure Store Metropolitan Mall Bekasi Store Head,Store,KOTA BEKASI,JAWA BARAT,Store,REGION 1,DKI 2
2038,2038,2038 - EIGER Adventure Store Kaliurang Yogyakarta,2038 - EIGER Adventure Store Kaliurang Yogyakarta Store Head,Store,KOTA YOGYAKARTA,DIY,Store,REGION 3,JAWA TENGAH 1
2377,2377,2377 - EIGER Adventure Store Piere Tendean Manado,2377 - EIGER Adventure Store Piere Tendean Manado Store Head,Store,KOTA MANADO,SULAWESI UTARA,Store,REGION 5,IBT 4
7037,7037,7037 - EIGER Adventure Store Martadinata Manado,7037 - EIGER Adventure Store Martadinata Manado Store Head,Store,KOTA MANADO,SULAWESI UTARA,Store,REGION 5,IBT 4
5182,5182,5182 - EIGER Adventure Store Cibinong City Mall Cibinong,5182 - EIGER Adventure Store Cibinong City Mall Cibinong Store Head,Store,KABUPATEN BOGOR,JAWA BARAT,Store,REGION 1,DKI 4
2030,2030,2030 - EIGER Adventure Store Setiabudhi Semarang,2030 - EIGER Adventure Store Setiabudhi Semarang Store Head,Store,KOTA SEMARANG,JAWA TENGAH,Store,REGION 3,JAWA TENGAH 2
2204,2204,2204 - EIGER Adventure Store Siliwangi Pamulang Tangerang,2204 - EIGER Adventure Store Siliwangi Pamulang Tangerang Store Head,Store,KOTA TANGERANG SELATAN,BANTEN,Store,REGION 1,DKI 3
2192,2192,2192 - EIGER Adventure Store Letjen Suwarto Banjar,2192 - EIGER Adventure Store Letjen Suwarto Banjar Store Head,Store,KOTA BANJAR,JAWA BARAT,Store,REGION 2,JAWA BARAT 3
2108,2108,2108 - EIGER Adventure Store Majapahit Semarang,2108 - EIGER Adventure Store Majapahit Semarang Store Head,Store,KOTA SEMARANG,JAWA TENGAH,Store,REGION 3,JAWA TENGAH 2
2339,2339,2339 - EIGER Adventure Store Pasar Minggu Kebayoran Baru,2339 - EIGER Adventure Store Pasar Minggu Kebayoran Baru Store Head,Store,KOTA JAKARTA SELATAN,DKI JAKARTA,Store,REGION 1,DKI 1
2376,2376,2376 - EIGER Adventure Store S.Parman Malang,2376 - EIGER Adventure Store S.Parman Malang Store Head,Store,KOTA MALANG,JAWA TIMUR,Store,REGION 4,JAWA TIMUR 2
2443,2443,2443 - ST EG AIR MOLEK INDRAGIRI HULU,2443 - ST EG AIR MOLEK INDRAGIRI HULU Store Head,Store,KABUPATEN INDRAGIRI HULU,RIAU,Store,REGION 3,SUMATERA 2
5045,5045,5045 - EIGER Adventure Store Plaza Medan Fair Medan,5045 - EIGER Adventure Store Plaza Medan Fair Medan Store Head,Store,KOTA MEDAN,SUMATERA UTARA,Store,REGION 3,SUMATERA 3
2212,2212,2212 - EIGER Adventure Store Kemang Kebayoran Baru,2212 - EIGER Adventure Store Kemang Kebayoran Baru Store Head,Store,KOTA JAKARTA SELATAN,DKI JAKARTA,Store,REGION 1,DKI 1
2119,2119,2119 - EIGER Adventure Store Otto Iskandardinata Subang,2119 - EIGER Adventure Store Otto Iskandardinata Subang Store Head,Store,KABUPATEN SUBANG,JAWA BARAT,Store,REGION 2,JAWA BARAT 4
5163,5163,5163 - EIGER Adventure Store Citraland Mall Grogol Petamburan,5163 - EIGER Adventure Store Citraland Mall Grogol Petamburan Store Head,Store,KOTA JAKARTA BARAT,DKI JAKARTA,Store,REGION 1,DKI 1
2388,2388,2388 - EIGER Adventure Store Mangkunegara Palembang,2388 - EIGER Adventure Store Mangkunegara Palembang Store Head,Store,KOTA PALEMBANG,SUMATERA SELATAN,Store,REGION 2,SUMATERA 1
2039,2039,2039 - EIGER Adventure Store Simanjuntak Yogyakarta,2039 - EIGER Adventure Store Simanjuntak Yogyakarta Store Head,Store,KOTA YOGYAKARTA,DIY,Store,REGION 3,JAWA TENGAH 1
2436,2436,2436 - Eiger Adventure Store Condet Jakarta,2436 - Eiger Adventure Store Condet Jakarta Store Head,Store,KOTA JAKARTA TIMUR,DKI JAKARTA,Store,REGION 1,DKI 2
2210,2210,2210 - EIGER Adventure Flagship Store Soekarno Surabaya,2210 - EIGER Adventure Flagship Store Soekarno Surabaya Store Head,Store,KOTA SURABAYA,JAWA TIMUR,Store,REGION 4,JAWA TIMUR 1
2043,2043,2043 - EIGER Adventure Store HM Joyo Martono Bekasi,2043 - EIGER Adventure Store HM Joyo Martono Bekasi Store Head,Store,KOTA BEKASI,JAWA BARAT,Store,REGION 1,DKI 2
2190,2190,2190 - EIGER Adventure Store Bintaro Utama Tangerang,2190 - EIGER Adventure Store Bintaro Utama Tangerang Store Head,Store,KOTA TANGERANG SELATAN,BANTEN,Store,REGION 1,DKI 3
2203,2203,2203 - EIGER Adventure Store Jatiwaringin Bekasi,2203 - EIGER Adventure Store Jatiwaringin Bekasi Store Head,Store,KOTA BEKASI,JAWA BARAT,Store,REGION 1,DKI 2
5184,5184,5184 - EIGER Adventure Store The Grand Outlet Karawang,5184 - EIGER Adventure Store The Grand Outlet Karawang Store Head,Store,KABUPATEN KARAWANG,JAWA BARAT,Store,REGION 2,JAWA BARAT 4
2116,2116,2116 - EIGER Adventure Store Cokroaminoto Tangerang,2116 - EIGER Adventure Store Cokroaminoto Tangerang Store Head,Store,KOTA TANGERANG,BANTEN,Store,REGION 1,DKI 3
2118,2118,2118 - EIGER Adventure Store Taman Siswa Yogyakarta,2118 - EIGER Adventure Store Taman Siswa Yogyakarta Store Head,Store,KOTA YOGYAKARTA,DIY,Store,REGION 3,JAWA TENGAH 1
5074,5074,5074 - EIGER Adventure Store TangCity Tangerang,5074 - EIGER Adventure Store TangCity Tangerang Store Head,Store,KOTA TANGERANG,BANTEN,Store,REGION 1,DKI 3
2414,2414,2414 - EIGER Adventure Store A Yani Bengkalis,2414 - EIGER Adventure Store A Yani Bengkalis Store Head,Store,KABUPATEN BENGKALIS,RIAU,Store,REGION 3,SUMATERA 2
2066,2066,2066 - EIGER Adventure Store A.Yani Banyuwangi,2066 - EIGER Adventure Store A.Yani Banyuwangi Store Head,Store,KABUPATEN BANYUWANGI,JAWA TIMUR,Store,REGION 4,JAWA TIMUR 2
2049,2049,2049 - EIGER Adventure Store Panglima Sudirman Gresik,2049 - EIGER Adventure Store Panglima Sudirman Gresik Store Head,Store,KABUPATEN GRESIK,JAWA TIMUR,Store,REGION 4,JAWA TIMUR 3
2201,2201,2201 - EIGER Adventure Store Soekarno Hatta Kendal,2201 - EIGER Adventure Store Soekarno Hatta Kendal Store Head,Store,KABUPATEN KENDAL,JAWA TENGAH,Store,REGION 3,JAWA TENGAH 2
2207,2207,2207 - EIGER Adventure Store Kondang Majalaya Bandung,2207 - EIGER Adventure Store Kondang Majalaya Bandung Store Head,Store,KABUPATEN BANDUNG,JAWA BARAT,Store,REGION 2,JAWA BARAT 4
2421,2421,2421-EIGER Store Jen Sudirman Semarang,2421-EIGER Store Jen Sudirman Semarang Store Head,Store,KOTA SEMARANG,JAWA TENGAH,Store,REGION 3,JAWA TENGAH 2
2184,2184,2184 - EIGER Adventure Store KH Abdulah Cianjur,2184 - EIGER Adventure Store KH Abdulah Cianjur Store Head,Store,KABUPATEN CIANJUR,JAWA BARAT,Store,REGION 2,JAWA BARAT 4
2261,2261,2261 - EIGER Adventure Store MT Haryono Kendari,2261 - EIGER Adventure Store MT Haryono Kendari Store Head,Store,KOTA KENDARI,SULAWESI TENGGARA,Store,REGION 5,IBT 2
2036,2036,2036 - EIGER Adventure Store Basuki Rahmat Surabaya,2036 - EIGER Adventure Store Basuki Rahmat Surabaya Store Head,Store,KOTA SURABAYA,JAWA TIMUR,Store,REGION 4,JAWA TIMUR 1
2283,2283,2283 - EIGER Adventure Store A.Yani Serang,2283 - EIGER Adventure Store A.Yani Serang Store Head,Store,KOTA SERANG,BANTEN,Store,REGION 1,DKI 3
2053,2053,2053 - EIGER Adventure Store Slamet Riyadi Surakarta,2053 - EIGER Adventure Store Slamet Riyadi Surakarta Store Head,Store,KOTA SURAKARTA,JAWA TENGAH,Store,REGION 3,JAWA TENGAH 1
7013,7013,7013 - EIGER Adventure Store Raya Klari Karawang,7013 - EIGER Adventure Store Raya Klari Karawang Store Head,Store,KABUPATEN KARAWANG,JAWA BARAT,Store,REGION 2,JAWA BARAT 4
7012,7012,7012 - EIGER Adventure Store Cimanuk Pedes Garut,7012 - EIGER Adventure Store Cimanuk Pedes Garut Store Head,Store,KABUPATEN GARUT,JAWA BARAT,Store,REGION 2,JAWA BARAT 3
5036,5036,5036 - EIGER Adventure Store Karawang Ctr Plaza Karawang,5036 - EIGER Adventure Store Karawang Ctr Plaza Karawang Store Head,Store,KABUPATEN KARAWANG,JAWA BARAT,Store,REGION 2,JAWA BARAT 4
7025,7025,7025 - EIGER Adventure Store Kertabumi Karawang,7025 - EIGER Adventure Store Kertabumi Karawang Store Head,Store,KABUPATEN KARAWANG,JAWA BARAT,Store,REGION 2,JAWA BARAT 4
2068,2068,2068 - EIGER Adventure Flagship Store Jatinangor Sumedang,2068 - EIGER Adventure Flagship Store Jatinangor Sumedang Store Head,Store,KABUPATEN SUMEDANG,JAWA BARAT,Store,REGION 2,JAWA BARAT 3
7008,7008,7008 - EIGER Adventure Store Kawi Kepanjen Malang,7008 - EIGER Adventure Store Kawi Kepanjen Malang Store Head,Store,KABUPATEN MALANG,JAWA TIMUR,Store,REGION 4,JAWA TIMUR 2
5042,5042,5042 - EIGER Adventure Store Malang Olympic Garden Malang,5042 - EIGER Adventure Store Malang Olympic Garden Malang Store Head,Store,KOTA MALANG,JAWA TIMUR,Store,REGION 4,JAWA TIMUR 2
7003,7003,7003 - EIGER Adventure Store A.Yani Cilacap,7003 - EIGER Adventure Store A.Yani Cilacap Store Head,Store,KABUPATEN CILACAP,JAWA TENGAH,Store,REGION 3,JAWA TENGAH 2
2348,2348,2348 - EIGER Adventure Store Mojosari Mojokerto,2348 - EIGER Adventure Store Mojosari Mojokerto Store Head,Store,KABUPATEN MOJOKERTO,JAWA TIMUR,Store,REGION 4,JAWA TIMUR 3
7017,7017,7017 - EIGER Adventure Store Ahmad Dahlan Purworejo,7017 - EIGER Adventure Store Ahmad Dahlan Purworejo Store Head,Store,KABUPATEN PURWOREJO,JAWA TENGAH,Store,REGION 3,JAWA TENGAH 1
7016,7016,7016 - EIGER Adventure Store Pandanaran Boyolali,7016 - EIGER Adventure Store Pandanaran Boyolali Store Head,Store,KABUPATEN BOYOLALI,JAWA TENGAH,Store,REGION 3,JAWA TENGAH 1
7047,7047,7047 - EIGER Adventure Store A.Yani Magelang,7047 - EIGER Adventure Store A.Yani Magelang Store Head,Store,KOTA MAGELANG,JAWA TENGAH,Store,REGION 3,JAWA TENGAH 1
7018,7018,7018 - EIGER Adventure Store Jen.Sudirman Pemalang,7018 - EIGER Adventure Store Jen.Sudirman Pemalang Store Head,Store,KABUPATEN PEMALANG,JAWA TENGAH,Store,REGION 3,JAWA TENGAH 2
2440,2440,2440 - ST EG CISAUK,2440 - ST EG CISAUK Store Head,Store,KABUPATEN TANGERANG,BANTEN,Store,REGION 1,DKI 3
7002,7002,7002 - EIGER Adventure Store Serpong Tangerang,7002 - EIGER Adventure Store Serpong Tangerang Store Head,Store,KOTA TANGERANG SELATAN,BANTEN,Store,REGION 1,DKI 3
2224,2224,2224 - EIGER Adventure Store Ngaliyan Semarang,2224 - EIGER Adventure Store Ngaliyan Semarang Store Head,Store,KOTA SEMARANG,JAWA TENGAH,Store,REGION 3,JAWA TENGAH 2
2003,2003,2003 - EIGER Adventure Store Pelajar Pejuang Bandung,2003 - EIGER Adventure Store Pelajar Pejuang Bandung Store Head,Store,KOTA BANDUNG,JAWA BARAT,Store,REGION 2,JAWA BARAT 2
2113,2113,2113 - EIGER Adventure Store A.Yani Wonosobo,2113 - EIGER Adventure Store A.Yani Wonosobo Store Head,Store,KABUPATEN WONOSOBO,JAWA TENGAH,Store,REGION 3,JAWA TENGAH 2
2241,2241,2241 - EIGER Adventure Store Suprapto Tebing Tinggi,2241 - EIGER Adventure Store Suprapto Tebing Tinggi Store Head,Store,KOTA TEBING TINGGI,SUMATERA UTARA,Store,REGION 3,SUMATERA 3
2245,2245,2245 - EIGER Adventure Store A.Yani Rantau Prapat,2245 - EIGER Adventure Store A.Yani Rantau Prapat Store Head,Store,KABUPATEN LABUHANBATU,SUMATERA UTARA,Store,REGION 3,SUMATERA 3
2104,2104,2104 - EIGER Adventure Store Sutomo PematangSiantar,2104 - EIGER Adventure Store Sutomo PematangSiantar Store Head,Store,KOTA PEMATANG SIANTAR,SUMATERA UTARA,Store,REGION 3,SUMATERA 3
2419,2419,2419 - EIGER Adventure Store Tanjung Bunga Makassar,2419 - EIGER Adventure Store Tanjung Bunga Makassar Store Head,Store,KOTA MAKASSAR,SULAWESI SELATAN,Store,REGION 5,IBT 2
2202,2202,2202 - EIGER Adventure Store Diponegoro Ungaran Semarang,2202 - EIGER Adventure Store Diponegoro Ungaran Semarang Store Head,Store,KABUPATEN SEMARANG,JAWA TENGAH,Store,REGION 3,JAWA TENGAH 2
2032,2032,2032 - EIGER Adventure Store Katamso Semarang,2032 - EIGER Adventure Store Katamso Semarang Store Head,Store,KOTA SEMARANG,JAWA TENGAH,Store,REGION 3,JAWA TENGAH 2
2109,2109,2109 - EIGER Adventure Store Gusdur Jombang,2109 - EIGER Adventure Store Gusdur Jombang Store Head,Store,KABUPATEN JOMBANG,JAWA TIMUR,Store,REGION 4,JAWA TIMUR 3
2013,2013,2013 - EIGER Adventure Flagship Store Siliwangi Bogor,2013 - EIGER Adventure Flagship Store Siliwangi Bogor Store Head,Store,KOTA BOGOR,JAWA BARAT,Store,REGION 1,DKI 4
2328,2328,2328 - EIGER Adventure Store Parung Depok,2328 - EIGER Adventure Store Parung Depok Store Head,Store,KOTA DEPOK,JAWA BARAT,Store,REGION 1,DKI 4
5014,5014,5014 - EIGER Adventure Store Botani Square Bogor,5014 - EIGER Adventure Store Botani Square Bogor Store Head,Store,KOTA BOGOR,JAWA BARAT,Store,REGION 1,DKI 4
5122,5122,5122 - EIGER Adventure Store Grand Mall Maros,5122 - EIGER Adventure Store Grand Mall Maros Store Head,Store,KABUPATEN MAROS,SULAWESI SELATAN,Store,REGION 5,IBT 2
7043,7043,7043 - EIGER Adventure Store Pahlawan Revolusi Ternate,7043 - EIGER Adventure Store Pahlawan Revolusi Ternate Store Head,Store,KOTA TERNATE,MALUKU,Store,REGION 5,IBT 4
2336,2336,2336 - EIGER Adventure Store A.Yani Pacitan,2336 - EIGER Adventure Store A.Yani Pacitan Store Head,Store,KABUPATEN PACITAN,JAWA TIMUR,Store,REGION 4,JAWA TIMUR 3
2397,2397,2397 - EIGER Tactical Store Sumatera Bandung,2397 - EIGER Tactical Store Sumatera Bandung Store Head,Store,KOTA BANDUNG,JAWA BARAT,Store,REGION 2,JAWA BARAT 2
5025,5025,5025 - EIGER Adventure Store Mall Atrium Tanah Abang,5025 - EIGER Adventure Store Mall Atrium Tanah Abang Store Head,Store,KOTA JAKARTA PUSAT,DKI JAKARTA,Store,REGION 1,DKI 1
2218,2218,2218 - EIGER Adventure Store Moh Hatta Luwuk,2218 - EIGER Adventure Store Moh Hatta Luwuk Store Head,Store,KABUPATEN BANGGAI,SULAWESI TENGAH,Store,REGION 5,IBT 2
2079,2079,2079 - EIGER Adventure Store Rajawali Pelembang,2079 - EIGER Adventure Store Rajawali Pelembang Store Head,Store,KOTA PALEMBANG,SUMATERA SELATAN,Store,REGION 2,SUMATERA 1
2353,2353,2353 - EIGER Adventure Store Soetomo Siak,2353 - EIGER Adventure Store Soetomo Siak Store Head,Store,KABUPATEN SIAK,RIAU,Store,REGION 3,SUMATERA 2
7004,7004,7004 - EIGER Adventure Store Gajah Mada Ponorogo,7004 - EIGER Adventure Store Gajah Mada Ponorogo Store Head,Store,KABUPATEN PONOROGO,JAWA TIMUR,Store,REGION 4,JAWA TIMUR 3
2018,2018,2018 - EIGER Adventure Flagship Store Sunset Road Mengwi,2018 - EIGER Adventure Flagship Store Sunset Road Mengwi Store Head,Store,KABUPATEN BADUNG,BALI,Store,REGION 5,IBT 3
5165,5165,5165 - EIGER Adventure Store Summarecon Mall Bandung,5165 - EIGER Adventure Store Summarecon Mall Bandung Store Head,Store,KOTA BANDUNG,JAWA BARAT,Store,REGION 2,JAWA BARAT 2
2197,2197,2197 - EIGER Adventure Store Riau Pekanbaru,2197 - EIGER Adventure Store Riau Pekanbaru Store Head,Store,KOTA PEKANBARU,RIAU,Store,REGION 3,SUMATERA 2
2009,2009,2009 - EIGER Adventure Store Setiabudhi Bandung,2009 - EIGER Adventure Store Setiabudhi Bandung Store Head,Store,KOTA BANDUNG,JAWA BARAT,Store,REGION 2,JAWA BARAT 1
2067,2067,2067 - EIGER Adventure Store Salemba Tanah Abang,2067 - EIGER Adventure Store Salemba Tanah Abang Store Head,Store,KOTA JAKARTA PUSAT,DKI JAKARTA,Store,REGION 1,DKI 1
2367,2367,2367 - EIGER Adventure Store Pinang Ranti Cakung,2367 - EIGER Adventure Store Pinang Ranti Cakung Store Head,Store,KOTA JAKARTA TIMUR,DKI JAKARTA,Store,REGION 1,DKI 2
2266,2266,2266 - EIGER Adventure Flagship Store Andi Djemma Makassar,2266 - EIGER Adventure Flagship Store Andi Djemma Makassar Store Head,Store,KOTA MAKASSAR,SULAWESI SELATAN,Store,REGION 5,IBT 2
2024,2024,2024 - EIGER Adventure Store Cak Doko Kupang,2024 - EIGER Adventure Store Cak Doko Kupang Store Head,Store,KOTA KUPANG,NTT,Store,REGION 5,IBT 3
2239,2239,2239 - EIGER Adventure Store Siliwangi Cibadak Sukabumi,2239 - EIGER Adventure Store Siliwangi Cibadak Sukabumi Store Head,Store,KABUPATEN SUKABUMI,JAWA BARAT,Store,REGION 2,JAWA BARAT 4
7023,7023,7023 - EIGER Adventure Store Slamet Riyadi Samarinda,7023 - EIGER Adventure Store Slamet Riyadi Samarinda Store Head,Store,KOTA SAMARINDA,KALIMANTAN TIMUR,Store,REGION 5,IBT 1
5048,5048,5048 - EIGER Adventure Store Palembang Square Pelembang,5048 - EIGER Adventure Store Palembang Square Pelembang Store Head,Store,KOTA PALEMBANG,SUMATERA SELATAN,Store,REGION 2,SUMATERA 1
2265,2265,2265 - EIGER Adventure Store Hankam Bekasi,2265 - EIGER Adventure Store Hankam Bekasi Store Head,Store,KOTA BEKASI,JAWA BARAT,Store,REGION 1,DKI 2
2060,2060,2060 - EIGER Adventure Store M Yamin Samarinda,2060 - EIGER Adventure Store M Yamin Samarinda Store Head,Store,KOTA SAMARINDA,KALIMANTAN TIMUR,Store,REGION 5,IBT 1
2178,2178,2178 - EIGER Adventure Store Jati Asih Bekasi,2178 - EIGER Adventure Store Jati Asih Bekasi Store Head,Store,KOTA BEKASI,JAWA BARAT,Store,REGION 1,DKI 2
5017,5017,5017 - EIGER Adventure Store Grage Mall Cirebon,5017 - EIGER Adventure Store Grage Mall Cirebon Store Head,Store,KOTA CIREBON,JAWA BARAT,Store,REGION 2,JAWA BARAT 3
2008,2008,2008 - EIGER Adventure Store Pajajaran Bogor,2008 - EIGER Adventure Store Pajajaran Bogor Store Head,Store,KOTA BOGOR,JAWA BARAT,Store,REGION 1,DKI 4
2122,2122,2122 - EIGER Adventure Store Kelapa Gading Tanjungpriok,2122 - EIGER Adventure Store Kelapa Gading Tanjungpriok Store Head,Store,KOTA JAKARTA UTARA,DKI JAKARTA,Store,REGION 1,DKI 1
2085,2085,2085 - EIGER Adventure Store Sunan Kudus,2085 - EIGER Adventure Store Sunan Kudus Store Head,Store,KABUPATEN KUDUS,JAWA TENGAH,Store,REGION 3,JAWA TENGAH 2
2077,2077,2077 - EIGER Adventure Store Pahlawan Sidoarjo,2077 - EIGER Adventure Store Pahlawan Sidoarjo Store Head,Store,KABUPATEN SIDOARJO,JAWA TIMUR,Store,REGION 4,JAWA TIMUR 1
2242,2242,2242 - EIGER Adventure Store Sudirman Probolinggo,2242 - EIGER Adventure Store Sudirman Probolinggo Store Head,Store,KOTA PROBOLINGGO,JAWA TIMUR,Store,REGION 4,JAWA TIMUR 2
2258,2258,2258 - EIGER Adventure Store Diponegoro Bondowoso,2258 - EIGER Adventure Store Diponegoro Bondowoso Store Head,Store,KABUPATEN BONDOWOSO,JAWA TIMUR,Store,REGION 4,JAWA TIMUR 2
2284,2284,2284 - EIGER Adventure Store TDM Kupang,2284 - EIGER Adventure Store TDM Kupang Store Head,Store,KOTA KUPANG,NTT,Store,REGION 5,IBT 3
2125,2125,2125 - EIGER Adventure Store Pengayoman Makassar,2125 - EIGER Adventure Store Pengayoman Makassar Store Head,Store,KOTA MAKASSAR,SULAWESI SELATAN,Store,REGION 5,IBT 2
2268,2268,2268 - EIGER Adventure Store A.Yani Bone Watampone,2268 - EIGER Adventure Store A.Yani Bone Watampone Store Head,Store,KABUPATEN BONE,SULAWESI SELATAN,Store,REGION 5,IBT 2
2262,2262,2262 - EIGER Adventure Store Sam Ratulangi Bulukumba,2262 - EIGER Adventure Store Sam Ratulangi Bulukumba Store Head,Store,KABUPATEN BULUKUMBA,SULAWESI SELATAN,Store,REGION 5,IBT 2
2135,2135,2135 - EIGER Adventure Store Kemanggisan Grogol Petamburan,2135 - EIGER Adventure Store Kemanggisan Grogol Petamburan Store Head,Store,KOTA JAKARTA BARAT,DKI JAKARTA,Store,REGION 1,DKI 1
2309,2309,2309 - EIGER Adventure Store Rawamangun Cakung,2309 - EIGER Adventure Store Rawamangun Cakung Store Head,Store,KOTA JAKARTA TIMUR,DKI JAKARTA,Store,REGION 1,DKI 2
2393,2393,2393 - EIGER Adventure Store Grand Depok Depok,2393 - EIGER Adventure Store Grand Depok Depok Store Head,Store,KOTA DEPOK,JAWA BARAT,Store,REGION 1,DKI 4
2332,2332,2332 - EIGER Adventure Store Canggu Mengwi,2332 - EIGER Adventure Store Canggu Mengwi Store Head,Store,KABUPATEN BADUNG,BALI,Store,REGION 5,IBT 3
2090,2090,2090 - EIGER Adventure Store Jen.Sudirman Purwakarta,2090 - EIGER Adventure Store Jen.Sudirman Purwakarta Store Head,Store,KABUPATEN PURWAKARTA,JAWA BARAT,Store,REGION 2,JAWA BARAT 4
2458,2458,2458 - EIGER Adventure Store Ciranjang Cianjur,2458 - EIGER Adventure Store Ciranjang Cianjur Store Head,Store,KABUPATEN CIANJUR,JAWA BARAT,Store,REGION 2,JAWA BARAT 4
2448,2448,2448 - Eiger Store Pattimura Pasuruan,2448 - Eiger Store Pattimura Pasuruan Store Head,Store,KOTA PASURUAN,JAWA TIMUR,Store,REGION 4,JAWA TIMUR 2
2129,2129,2129 - EIGER Adventure Store Iskandar Pelembang,2129 - EIGER Adventure Store Iskandar Pelembang Store Head,Store,KOTA PALEMBANG,SUMATERA SELATAN,Store,REGION 2,SUMATERA 1
2180,2180,2180 - EIGER Adventure Store Dramaga Bogor,2180 - EIGER Adventure Store Dramaga Bogor Store Head,Store,KABUPATEN BOGOR,JAWA BARAT,Store,REGION 1,DKI 4
2225,2225,2225 - EIGER Adventure Store Antasari Bandar Lampung,2225 - EIGER Adventure Store Antasari Bandar Lampung Store Head,Store,KOTA BANDAR LAMPUNG,LAMPUNG,Store,REGION 2,SUMATERA 1
2321,2321,2321 - EIGER Adventure Store Sipin Jambi,2321 - EIGER Adventure Store Sipin Jambi Store Head,Store,KOTA JAMBI,JAMBI,Store,REGION 3,SUMATERA 2
2410,2410,2410 - EIGER Adventure Store Parangtritis Yogyakarta,2410 - EIGER Adventure Store Parangtritis Yogyakarta Store Head,Store,KABUPATEN BANTUL,DIY,Store,REGION 3,JAWA TENGAH 1
2267,2267,2267 - EIGER Adventure Store Masjid Jamik Pangkal Pinang,2267 - EIGER Adventure Store Masjid Jamik Pangkal Pinang Store Head,Store,KOTA PANGKALPINANG,KEP. BANGKA BELITUNG,Store,REGION 2,SUMATERA 1
2346,2346,2346 - EIGER Adventure Store Ruko Gateway Waru Sidoarjo,2346 - EIGER Adventure Store Ruko Gateway Waru Sidoarjo Store Head,Store,KABUPATEN SIDOARJO,JAWA TIMUR,Store,REGION 4,JAWA TIMUR 1
5064,5064,5064 - EIGER Adventure Store Plaza Tunjungan II Surabaya,5064 - EIGER Adventure Store Plaza Tunjungan II Surabaya Store Head,Store,KOTA SURABAYA,JAWA TIMUR,Store,REGION 4,JAWA TIMUR 1
2398,2398,2398 - EIGER Adventure Flagship Store Manyar 2 Surabaya,2398 - EIGER Adventure Flagship Store Manyar 2 Surabaya Store Head,Store,KOTA SURABAYA,JAWA TIMUR,Store,REGION 4,JAWA TIMUR 1
2437,2437,2437 - EIGER Adventure Store Kosasih Sukabumi,2437 - EIGER Adventure Store Kosasih Sukabumi Store Head,Store,KOTA SUKABUMI,JAWA BARAT,Store,REGION 2,JAWA BARAT 4
5026,5026,5026 - EIGER Adventure Store Kota Kasablanka Mall Kebayoran Baru,5026 - EIGER Adventure Store Kota Kasablanka Mall Kebayoran Baru Store Head,Store,KOTA JAKARTA SELATAN,DKI JAKARTA,Store,REGION 1,DKI 1
9007,9007,9007-BAZ EG OL BOGOR,9007-BAZ EG OL BOGOR Store Head,Store,KOTA BOGOR,JAWA BARAT,Store,REGION 1,DKI 2
2428,2428,2428 - EIGER Adventure Store Paskal Bandung,2428 - EIGER Adventure Store Paskal Bandung Store Head,Store,KOTA BANDUNG,JAWA BARAT,Store,REGION 2,JAWA BARAT 1
2120,2120,2120 - EIGER Adventure Store Narogong Bekasi,2120 - EIGER Adventure Store Narogong Bekasi Store Head,Store,KOTA BEKASI,JAWA BARAT,Store,REGION 1,DKI 2
2271,2271,2271 - EIGER Adventure Store Tebet Kebayoran Baru,2271 - EIGER Adventure Store Tebet Kebayoran Baru Store Head,Store,KOTA JAKARTA SELATAN,DKI JAKARTA,Store,REGION 1,DKI 1
2105,2105,2105 - EIGER Adventure Store Wachid Hasyim Pasuruan,2105 - EIGER Adventure Store Wachid Hasyim Pasuruan Store Head,Store,KOTA PASURUAN,JAWA TIMUR,Store,REGION 4,JAWA TIMUR 2
2304,2304,2304 - EIGER Adventure Store Parahyangan KBP Ngamprah,2304 - EIGER Adventure Store Parahyangan KBP Ngamprah Store Head,Store,KABUPATEN BANDUNG BARAT,JAWA BARAT,Store,REGION 2,JAWA BARAT 4
2276,2276,2276 - EIGER Adventure Store A.Yani Blora,2276 - EIGER Adventure Store A.Yani Blora Store Head,Store,KABUPATEN BLORA,JAWA TENGAH,Store,REGION 3,JAWA TENGAH 2
2025,2025,2025 - EIGER Adventure Store Kol.Mahardi Madiun,2025 - EIGER Adventure Store Kol.Mahardi Madiun Store Head,Store,KOTA MADIUN,JAWA TIMUR,Store,REGION 4,JAWA TIMUR 3
2007,2007,2007 - EIGER Adventure Store Ujung Berung Bandung,2007 - EIGER Adventure Store Ujung Berung Bandung Store Head,Store,KOTA BANDUNG,JAWA BARAT,Store,REGION 2,JAWA BARAT 2
2152,2152,2152 - EIGER Adventure Store Pemuda Kebumen,2152 - EIGER Adventure Store Pemuda Kebumen Store Head,Store,KABUPATEN KEBUMEN,JAWA TENGAH,Store,REGION 3,JAWA TENGAH 1
2264,2264,2264 - EIGER Adventure Store Pemuda Jepara,2264 - EIGER Adventure Store Pemuda Jepara Store Head,Store,KABUPATEN JEPARA,JAWA TENGAH,Store,REGION 3,JAWA TENGAH 2
2185,2185,2185 - EIGER Adventure Store Jen.Sudirman Purbalingga,2185 - EIGER Adventure Store Jen.Sudirman Purbalingga Store Head,Store,KABUPATEN PURBALINGGA,JAWA TENGAH,Store,REGION 3,JAWA TENGAH 2
2427,2427,2427 - EIGER Store Wachidin Batang,2427 - EIGER Store Wachidin Batang Store Head,Store,KABUPATEN BATANG,JAWA TENGAH,Store,REGION 3,JAWA TENGAH 2
7053,7053,7053 - EIGER Adventure Store Urip Pekalongan,7053 - EIGER Adventure Store Urip Pekalongan Store Head,Store,KOTA PEKALONGAN,JAWA TENGAH,Store,REGION 3,JAWA TENGAH 2
2420,2420,2420 - EIGER Adventure Store Rancaekek Soreang,2420 - EIGER Adventure Store Rancaekek Soreang Store Head,Store,KABUPATEN BANDUNG,JAWA BARAT,Store,REGION 2,JAWA BARAT 3
2231,2231,2231 - EIGER Adventure Store Kepatihan Bandung,2231 - EIGER Adventure Store Kepatihan Bandung Store Head,Store,KOTA BANDUNG,JAWA BARAT,Store,REGION 2,JAWA BARAT 1
5000,5000,5000 - EIGER Adventure Store Bandung Indah Plaza Bandung,5000 - EIGER Adventure Store Bandung Indah Plaza Bandung Store Head,Store,KOTA BANDUNG,JAWA BARAT,Store,REGION 2,JAWA BARAT 1
9002,9002,9002-EAS BAZAAR JABAR 01 1,9002-EAS BAZAAR JABAR 01 1 Store Head,Store,KOTA BANDUNG,JAWA BARAT,Store,REGION 2,JAWA BARAT 1
2300,2300,2300 - EIGER Adventure Store Leo Watimena Ambon,2300 - EIGER Adventure Store Leo Watimena Ambon Store Head,Store,KOTA AMBON,MALUKU,Store,REGION 5,IBT 4
2447,2447,2447 - EIGER Adventure Store Purwakarta Bandung,2447 - EIGER Adventure Store Purwakarta Bandung Store Head,Store,KOTA PURWAKARTA,JAWA BARAT,Store,REGION 2,JAWA BARAT 2
2378,2378,2378 - EIGER Adventure Store A.H.Nasution Medan,2378 - EIGER Adventure Store A.H.Nasution Medan Store Head,Store,KOTA MEDAN,SUMATERA UTARA,Store,REGION 3,SUMATERA 3
7040,7040,7040 - EIGER Adventure Store Panglima Polem Banda Aceh,7040 - EIGER Adventure Store Panglima Polem Banda Aceh Store Head,Store,KOTA BANDA ACEH,ACEH,Store,REGION 3,SUMATERA 3
2280,2280,2280 - EIGER Adventure Store Tanjung,2280 - EIGER Adventure Store Tanjung Store Head,Store,KABUPATEN TABALONG,KALIMANTAN SELATAN,Store,REGION 5,IBT 1
2236,2236,2236 - EIGER Adventure Store H.Ashari Cipondoh Tangerang,2236 - EIGER Adventure Store H.Ashari Cipondoh Tangerang Store Head,Store,KOTA TANGERANG,BANTEN,Store,REGION 1,DKI 3
2159,2159,2159 - EIGER Adventure Store Soekarno Tabanan,2159 - EIGER Adventure Store Soekarno Tabanan Store Head,Store,KABUPATEN TABANAN,BALI,Store,REGION 5,IBT 3
2029,2029,2029 - EIGER Adventure Store Soekarno Hatta Malang,2029 - EIGER Adventure Store Soekarno Hatta Malang Store Head,Store,KOTA MALANG,JAWA TIMUR,Store,REGION 4,JAWA TIMUR 2
2228,2228,2228 - EIGER Adventure Store Perintis Makassar,2228 - EIGER Adventure Store Perintis Makassar Store Head,Store,KOTA MAKASSAR,SULAWESI SELATAN,Store,REGION 5,IBT 2
2439,2439,2439 - EIGER Adventure Store Kapas Krampung Surabaya,2439 - EIGER Adventure Store Kapas Krampung Surabaya Store Head,Store,KOTA SURABAYA,JAWA TIMUR,Store,REGION 4,JAWA TIMUR 1
2127,2127,2127 - EIGER Adventure Store Sumber Cirebon,2127 - EIGER Adventure Store Sumber Cirebon Store Head,Store,KABUPATEN CIREBON,JAWA BARAT,Store,REGION 2,JAWA BARAT 3
5089,5089,5089 - EIGER Adventure Store Plaza Asia Tasikmalaya,5089 - EIGER Adventure Store Plaza Asia Tasikmalaya Store Head,Store,KOTA TASIKMALAYA,JAWA BARAT,Store,REGION 2,JAWA BARAT 3
2449,2449,2449 - EIGER Adventure Store Martasasmita Subang,2449 - EIGER Adventure Store Martasasmita Subang Store Head,Store,KABUPATEN SUBANG,JAWA BARAT,Store,REGION 2,JAWA BARAT 4
2223,2223,2223 - EIGER Adventure Store RE Martadinata Cikarang,2223 - EIGER Adventure Store RE Martadinata Cikarang Store Head,Store,KABUPATEN BEKASI,JAWA BARAT,Store,REGION 1,DKI 2
2069,2069,2069 - EIGER Adventure Store Karimata Jember,2069 - EIGER Adventure Store Karimata Jember Store Head,Store,KABUPATEN JEMBER,JAWA TIMUR,Store,REGION 4,JAWA TIMUR 2
2205,2205,2205 - EIGER Adventure Store Jen.Sudirman Bengkalis,2205 - EIGER Adventure Store Jen.Sudirman Bengkalis Store Head,Store,KABUPATEN BENGKALIS,RIAU,Store,REGION 3,SUMATERA 2
2176,2176,2176 - EIGER Adventure Store Raya Serang Pandeglang,2176 - EIGER Adventure Store Raya Serang Pandeglang Store Head,Store,KABUPATEN PANDEGLANG,BANTEN,Store,REGION 1,DKI 3
2413,2413,2413 - EIGER Woman & Junior Store Margonda Depok,2413 - EIGER Woman & Junior Store Margonda Depok Store Head,Store,KOTA DEPOK,JAWA BARAT,Store,REGION 1,DKI 4
2194,2194,2194 - EIGER Adventure Store A.Yani Magetan,2194 - EIGER Adventure Store A.Yani Magetan Store Head,Store,KABUPATEN MAGETAN,JAWA TIMUR,Store,REGION 4,JAWA TIMUR 3
2281,2281,2281 - EIGER Adventure Store Pemuda Banjarnegara,2281 - EIGER Adventure Store Pemuda Banjarnegara Store Head,Store,KABUPATEN BANJARNEGARA,JAWA TENGAH,Store,REGION 3,JAWA TENGAH 2
2011,2011,2011 - EIGER Adventure Store Amir Machmud Cimahi,2011 - EIGER Adventure Store Amir Machmud Cimahi Store Head,Store,KOTA CIMAHI,JAWA BARAT,Store,REGION 2,JAWA BARAT 4
2189,2189,2189 - EIGER Adventure Store S.Kalijaga Rangkas Bitung,2189 - EIGER Adventure Store S.Kalijaga Rangkas Bitung Store Head,Store,KABUPATEN LEBAK,BANTEN,Store,REGION 1,DKI 3
7015,7015,7015 - EIGER Adventure Store Ruko AR Hakim Square Tegal,7015 - EIGER Adventure Store Ruko AR Hakim Square Tegal Store Head,Store,KOTA TEGAL,JAWA TENGAH,Store,REGION 3,JAWA TENGAH 2
5056,5056,5056 - EIGER Adventure Store Citraland Mall Semarang,5056 - EIGER Adventure Store Citraland Mall Semarang Store Head,Store,KOTA SEMARANG,JAWA TENGAH,Store,REGION 3,JAWA TENGAH 2
2131,2131,2131 - EIGER Adventure Store Bojongsoang Bandung,2131 - EIGER Adventure Store Bojongsoang Bandung Store Head,Store,KABUPATEN BANDUNG,JAWA BARAT,Store,REGION 2,JAWA BARAT 4
2303,2303,2303 - EIGER Adventure Store Pemuda Rembang,2303 - EIGER Adventure Store Pemuda Rembang Store Head,Store,KABUPATEN REMBANG,JAWA TENGAH,Store,REGION 3,JAWA TENGAH 2
2130,2130,2130 - EIGER Adventure Store Daan Mogot Tangerang,2130 - EIGER Adventure Store Daan Mogot Tangerang Store Head,Store,KOTA TANGERANG,BANTEN,Store,REGION 1,DKI 3
2301,2301,2301 - EIGER Adventure Store Yudanegara Tasikmalaya,2301 - EIGER Adventure Store Yudanegara Tasikmalaya Store Head,Store,KOTA TASIKMALAYA,JAWA BARAT,Store,REGION 2,JAWA BARAT 3
2168,2168,2168 - EIGER Adventure Store Tentara Pelajar Tasikmalaya,2168 - EIGER Adventure Store Tentara Pelajar Tasikmalaya Store Head,Store,KOTA TASIKMALAYA,JAWA BARAT,Store,REGION 2,JAWA BARAT 3
7011,7011,7011 - EIGER Adventure Store DI Panjaitan Indramayu,7011 - EIGER Adventure Store DI Panjaitan Indramayu Store Head,Store,KABUPATEN INDRAMAYU,JAWA BARAT,Store,REGION 2,JAWA BARAT 3
2306,2306,2306 - EIGER Adventure Store Lawu Cerbonan Karanganyar,2306 - EIGER Adventure Store Lawu Cerbonan Karanganyar Store Head,Store,KABUPATEN KARANGANYAR,JAWA TENGAH,Store,REGION 3,JAWA TENGAH 1
5181,5181,5181 - EIGER Adventure Fac Str BG Junction Mall Sby,5181 - EIGER Adventure Fac Str BG Junction Mall Sby Store Head,Store,KOTA SURABAYA,JAWA TIMUR,Store,REGION 4,JAWA TIMUR 1
2442,2442,2442 - Eiger Store R Supratpto Purwodadi,2442 - Eiger Store R Supratpto Purwodadi Store Head,Store,KABUPATEN GROBOGAN,JAWA TENGAH,Store,REGION 3,JAWA TENGAH 2
7034,7034,7034 - EIGER Adventure Store Yos Sudarso Nganjuk,7034 - EIGER Adventure Store Yos Sudarso Nganjuk Store Head,Store,KABUPATEN NGANJUK,JAWA TIMUR,Store,REGION 4,JAWA TIMUR 3
2041,2041,2041 - EIGER Adventure Store Buah Batu Bandung,2041 - EIGER Adventure Store Buah Batu Bandung Store Head,Store,KOTA BANDUNG,JAWA BARAT,Store,REGION 2,JAWA BARAT 2
2220,2220,2220 - EIGER Adventure Store Juanda Ciamis,2220 - EIGER Adventure Store Juanda Ciamis Store Head,Store,KABUPATEN CIAMIS,JAWA BARAT,Store,REGION 2,JAWA BARAT 3
2299,2299,2299 - EIGER Adventure Store A.Yani Kertasuro Sukoharjo,2299 - EIGER Adventure Store A.Yani Kertasuro Sukoharjo Store Head,Store,KABUPATEN SUKOHARJO,JAWA TENGAH,Store,REGION 3,JAWA TENGAH 1
2291,2291,2291 - EIGER Adventure Store Jen.Sudirman Muara Enim,2291 - EIGER Adventure Store Jen.Sudirman Muara Enim Store Head,Store,KABUPATEN MUARA ENIM,SUMATERA SELATAN,Store,REGION 2,SUMATERA 1
2292,2292,2292 - EIGER Adventure Store Pemuda Kolaka,2292 - EIGER Adventure Store Pemuda Kolaka Store Head,Store,KABUPATEN KOLAKA,SULAWESI TENGGARA,Store,REGION 5,IBT 2
2023,2023,2023 - EIGER Adventure Store Pattimura Kediri,2023 - EIGER Adventure Store Pattimura Kediri Store Head,Store,KOTA KEDIRI,JAWA TIMUR,Store,REGION 4,JAWA TIMUR 3
7051,7051,7051 - EIGER Adventure Store Godean Yogyakarta,7051 - EIGER Adventure Store Godean Yogyakarta Store Head,Store,KABUPATEN SLEMAN,JAWA TENGAH,Store,REGION 3,JAWA TENGAH 1
7035,7035,7035 - EIGER Adventure Store Jen.Sudirman Trenggalek,7035 - EIGER Adventure Store Jen.Sudirman Trenggalek Store Head,Store,KABUPATEN TRENGGALEK,JAWA TIMUR,Store,REGION 4,JAWA TIMUR 3
5105,5105,5105 - EIGER Adventure Store Lippo Plaza Jember,5105 - EIGER Adventure Store Lippo Plaza Jember Store Head,Store,KABUPATEN JEMBER,JAWA TIMUR,Store,REGION 4,JAWA TIMUR 2
2259,2259,2259 - EIGER Adventure Store MT Haryono Temanggung,2259 - EIGER Adventure Store MT Haryono Temanggung Store Head,Store,KABUPATEN TEMANGGUNG,JAWA TENGAH,Store,REGION 3,JAWA TENGAH 1
2334,2334,2334 - EIGER Adventure Store Jonosewojo Bkt Darmo Surabaya,2334 - EIGER Adventure Store Jonosewojo Bkt Darmo Surabaya Store Head,Store,KOTA SURABAYA,JAWA TIMUR,Store,REGION 4,JAWA TIMUR 1
7056,7056,7056 - EIGER Adventure Store P Walangsungsang Cirebon,7056 - EIGER Adventure Store P Walangsungsang Cirebon Store Head,Store,KABUPATEN CIREBON,JAWA BARAT,Store,REGION 2,JAWA BARAT 3
2100,2100,2100 - EIGER Adventure Store Jen.Sudirman Kuningan,2100 - EIGER Adventure Store Jen.Sudirman Kuningan Store Head,Store,KABUPATEN KUNINGAN,JAWA BARAT,Store,REGION 2,JAWA BARAT 3
2305,2305,2305 - EIGER Adventure Store Lembang Bandung Barat,2305 - EIGER Adventure Store Lembang Bandung Barat Store Head,Store,KABUPATEN BANDUNG BARAT,JAWA BARAT,Store,REGION 2,JAWA BARAT 4
9016,9016,9016-BAZ EG OL VI,9016-BAZ EG OL VI Store Head,Store,KOTA JAKARTA SELATAN,DKI JAKARTA,Store,REGION 1,DKI 1
7024,7024,7024 - EIGER Adventure Store Panam Pekanbaru,7024 - EIGER Adventure Store Panam Pekanbaru Store Head,Store,KOTA PEKANBARU,RIAU,Store,REGION 3,SUMATERA 2
5052,5052,5052 - EIGER Adventure Store Mall SKA Pekanbaru,5052 - EIGER Adventure Store Mall SKA Pekanbaru Store Head,Store,KOTA PEKANBARU,RIAU,Store,REGION 3,SUMATERA 2
7041,7041,7041 - EIGER Adventure Store Kaharuddin Marpoyan Pekanbaru,7041 - EIGER Adventure Store Kaharuddin Marpoyan Pekanbaru Store Head,Store,KOTA PEKANBARU,RIAU,Store,REGION 3,SUMATERA 2
2056,2056,2056 - EIGER Adventure Store Setiabudi Medan,2056 - EIGER Adventure Store Setiabudi Medan Store Head,Store,KOTA MEDAN,SUMATERA UTARA,Store,REGION 3,SUMATERA 3
7052,7052,7052 - EIGER Adventure Store Pasirkuda Bogor,7052 - EIGER Adventure Store Pasirkuda Bogor Store Head,Store,KOTA BOGOR,JAWA BARAT,Store,REGION 1,DKI 4
7033,7033,7033 - EIGER Adventure Store Kol. Sunandar Pati,7033 - EIGER Adventure Store Kol. Sunandar Pati Store Head,Store,KABUPATEN PATI,JAWA TENGAH,Store,REGION 3,JAWA TENGAH 2
2208,2208,2208 - EIGER Adventure Store Jakgung Suprapto Ngawi,2208 - EIGER Adventure Store Jakgung Suprapto Ngawi Store Head,Store,KABUPATEN NGAWI,JAWA TIMUR,Store,REGION 4,JAWA TIMUR 3
2426,2426,2426-Eiger Store Muh Yamin Polewali,2426-Eiger Store Muh Yamin Polewali Store Head,Store,KABUPATEN POLEWALI MANDAR,KABUPATEN POLEWALI MANDAR,Store,REGION 5,IBT 2
2326,2326,2326 - EIGER Adventure Store Merdeka Lhokseumawe,2326 - EIGER Adventure Store Merdeka Lhokseumawe Store Head,Store,KOTA LHOKSEUMAWE,ACEH,Store,REGION 3,SUMATERA 3
7032,7032,7032 - EIGER Adventure Store Raya Barat Cimahi,7032 - EIGER Adventure Store Raya Barat Cimahi Store Head,Store,KOTA CIMAHI,JAWA BARAT,Store,REGION 2,JAWA BARAT 4
2102,2102,2102 - EIGER Adventure Store Plaju Pelembang,2102 - EIGER Adventure Store Plaju Pelembang Store Head,Store,KOTA PALEMBANG,SUMATERA SELATAN,Store,REGION 2,SUMATERA 1
2272,2272,2272 - EIGER Adventure Store Ngurah Rai Singaraja,2272 - EIGER Adventure Store Ngurah Rai Singaraja Store Head,Store,KABUPATEN BULELENG,BALI,Store,REGION 5,IBT 3
7007,7007,7007 - EIGER Adventure Store Panglima Sudirman Lumajang,7007 - EIGER Adventure Store Panglima Sudirman Lumajang Store Head,Store,KABUPATEN LUMAJANG,JAWA TIMUR,Store,REGION 4,JAWA TIMUR 2
2315,2315,2315 - EIGER Adventure Store Pemuda Demak,2315 - EIGER Adventure Store Pemuda Demak Store Head,Store,KABUPATEN DEMAK,JAWA TENGAH,Store,REGION 3,JAWA TENGAH 2
2052,2052,2052 - EIGER Adventure Store Patimura Salatiga,2052 - EIGER Adventure Store Patimura Salatiga Store Head,Store,KOTA SALATIGA,JAWA TENGAH,Store,REGION 3,JAWA TENGAH 2
2382,2382,2382 - EIGER Adventure Store Uluwatu Mengwi,2382 - EIGER Adventure Store Uluwatu Mengwi Store Head,Store,KABUPATEN BADUNG,BALI,Store,REGION 5,IBT 3
7036,7036,7036 - EIGER Adventure Store MT Haryono Balikpapan,7036 - EIGER Adventure Store MT Haryono Balikpapan Store Head,Store,KOTA BALIKPAPAN,KALIMANTAN TIMUR,Store,REGION 5,IBT 1
2215,2215,2215 - EIGER Adventure Store Diponegoro Banyuwangi,2215 - EIGER Adventure Store Diponegoro Banyuwangi Store Head,Store,KABUPATEN BANYUWANGI,JAWA TIMUR,Store,REGION 4,JAWA TIMUR 2
2322,2322,2322 - EIGER Adventure Store Gajah Mada Maumere,2322 - EIGER Adventure Store Gajah Mada Maumere Store Head,Store,KABUPATEN SIKKA,NTT,Store,REGION 5,IBT 3
2372,2372,2372 - EIGER Adventure Store Wonoharjo Parigi,2372 - EIGER Adventure Store Wonoharjo Parigi Store Head,Store,KABUPATEN PANGANDARAN,JAWA BARAT,Store,REGION 2,JAWA BARAT 3
2044,2044,2044 - EIGER Adventure Store Pahlawan Mojokerto,2044 - EIGER Adventure Store Pahlawan Mojokerto Store Head,Store,KOTA MOJOKERTO,JAWA TIMUR,Store,REGION 4,JAWA TIMUR 3
2121,2121,2121 - EIGER Adventure Store Gatot Subroto Denpasar,2121 - EIGER Adventure Store Gatot Subroto Denpasar Store Head,Store,KOTA DENPASAR,BALI,Store,REGION 5,IBT 3
2083,2083,2083 - EIGER Adventure Store Laode Hadi Kendari,2083 - EIGER Adventure Store Laode Hadi Kendari Store Head,Store,KOTA KENDARI,SULAWESI TENGGARA,Store,REGION 5,IBT 2
5108,5108,5108 - EIGER Adventure Store Mega Mall Pontianak,5108 - EIGER Adventure Store Mega Mall Pontianak Store Head,Store,KOTA PONTIANAK,KALIMANTAN BARAT,Store,REGION 5,IBT 1
2316,2316,2316 - EIGER Adventure Store Jamin Ginting Kabanjahe,2316 - EIGER Adventure Store Jamin Ginting Kabanjahe Store Head,Store,KABUPATEN KARO,SUMATERA UTARA,Store,REGION 3,SUMATERA 3
7014,7014,7014 - EIGER Adventure Store Soekarno Solo Baru Sukoharjo,7014 - EIGER Adventure Store Soekarno Solo Baru Sukoharjo Store Head,Store,KABUPATEN SUKOHARJO,JAWA TENGAH,Store,REGION 3,JAWA TENGAH 1
7038,7038,7038 - EIGER Adventure Store Jen.Sudirman Lubuk Pakam,7038 - EIGER Adventure Store Jen.Sudirman Lubuk Pakam Store Head,Store,KABUPATEN DELI SERDANG,SUMATERA UTARA,Store,REGION 3,SUMATERA 3
2308,2308,2308 - EIGER Adventure Store Akhmad Muksin Tenggarong,2308 - EIGER Adventure Store Akhmad Muksin Tenggarong Store Head,Store,KABUPATEN KUTAI KERTANEGARA,KALIMANTAN TIMUR,Store,REGION 5,IBT 1
2337,2337,2337 - EIGER Adventure Store Pluit Tanjungpriok,2337 - EIGER Adventure Store Pluit Tanjungpriok Store Head,Store,KOTA JAKARTA UTARA,DKI JAKARTA,Store,REGION 1,DKI 1
2229,2229,2229 - EIGER Adventure Store Soekarno Hatta Bima,2229 - EIGER Adventure Store Soekarno Hatta Bima Store Head,Store,KOTA BIMA,NTB,Store,REGION 5,IBT 3
7005,7005,7005 - EIGER Adventure Store Pemuda Klaten,7005 - EIGER Adventure Store Pemuda Klaten Store Head,Store,KABUPATEN KLATEN,JAWA TENGAH,Store,REGION 3,JAWA TENGAH 1
2330,2330,2330 - EIGER Adventure Store Cemengkalang Sidoarjo,2330 - EIGER Adventure Store Cemengkalang Sidoarjo Store Head,Store,KABUPATEN SIDOARJO,JAWA TIMUR,Store,REGION 4,JAWA TIMUR 1
5164,5164,5164 - EIGER Adventure Store Blok M Plaza Kebayoran Baru,5164 - EIGER Adventure Store Blok M Plaza Kebayoran Baru Store Head,Store,KOTA JAKARTA SELATAN,DKI JAKARTA,Store,REGION 1,DKI 1
5162,5162,5162 - EIGER Tactical Store Cijantung Cakung,5162 - EIGER Tactical Store Cijantung Cakung Store Head,Store,KOTA JAKARTA TIMUR,DKI JAKARTA,Store,REGION 1,DKI 2
7039,7039,7039 - EIGER Adventure Store Hasanuddin Samarinda,7039 - EIGER Adventure Store Hasanuddin Samarinda Store Head,Store,KOTA DEPOK,JAWA BARAT,Store,REGION 1,DKI 4
2140,2140,2140 - EIGER Adventure Store Sriwijaya Tanjung Pandan,2140 - EIGER Adventure Store Sriwijaya Tanjung Pandan Store Head,Store,KABUPATEN BELITUNG,KEP. BANGKA BELITUNG,Store,REGION 2,SUMATERA 1
2196,2196,2196 - EIGER Adventure Store Cokroaminoto Kisaran,2196 - EIGER Adventure Store Cokroaminoto Kisaran Store Head,Store,KABUPATEN ASAHAN,SUMATERA UTARA,Store,REGION 3,SUMATERA 3
2016,2016,2016 - EIGER Adventure Store Teuku Umar Denpasar,2016 - EIGER Adventure Store Teuku Umar Denpasar Store Head,Store,KOTA DENPASAR,BALI,Store,REGION 5,IBT 3
2244,2244,2244 - EIGER Adventure Store A.Yani Balikpapan,2244 - EIGER Adventure Store A.Yani Balikpapan Store Head,Store,KOTA BALIKPAPAN,KALIMANTAN TIMUR,Store,REGION 5,IBT 1
2438,2438,2438 - EIGER Adventure Store D I Panjaitan Tarutung,2438 - EIGER Adventure Store D I Panjaitan Tarutung Store Head,Store,KABUPATEN TAPANULI UTARA,SUMATERA UTARA,Store,REGION 3,SUMATERA 3
2045,2045,2045 - EIGER Adventure Store A.Yani Ambon,2045 - EIGER Adventure Store A.Yani Ambon Store Head,Store,KOTA AMBON,MALUKU,Store,REGION 5,IBT 4
2269,2269,2269 - EIGER Adventure Store Kalimalang Cakung,2269 - EIGER Adventure Store Kalimalang Cakung Store Head,Store,KOTA JAKARTA TIMUR,DKI JAKARTA,Store,REGION 1,DKI 2
2313,2313,2313 - EIGER Adventure Store Siliwangi Cirebon,2313 - EIGER Adventure Store Siliwangi Cirebon Store Head,Store,KOTA CIREBON,JAWA BARAT,Store,REGION 2,JAWA BARAT 3
2015,2015,2015 - EIGER Adventure Store Dr Cipto CSB Cirebon,2015 - EIGER Adventure Store Dr Cipto CSB Cirebon Store Head,Store,KOTA CIREBON,JAWA BARAT,Store,REGION 2,JAWA BARAT 3
2422,2422,2422 - EIGER Adventure Store Pagar Alam Bandar Lampung,2422 - EIGER Adventure Store Pagar Alam Bandar Lampung Store Head,Store,KOTA BANDAR LAMPUNG,SUMATERA SELATAN,Store,REGION 2,SUMATERA 1
2278,2278,2278 - EIGER Adventure Store Jen.Sudirman Bantul,2278 - EIGER Adventure Store Jen.Sudirman Bantul Store Head,Store,KABUPATEN BANTUL,DIY,Store,REGION 3,JAWA TENGAH 1
2219,2219,2219 - EIGER Adventure Store Raya Mastrip Surabaya,2219 - EIGER Adventure Store Raya Mastrip Surabaya Store Head,Store,KOTA SURABAYA,JAWA TIMUR,Store,REGION 4,JAWA TIMUR 1
2270,2270,2270 - EIGER Adventure Store Trunojoyo Bangkalan,2270 - EIGER Adventure Store Trunojoyo Bangkalan Store Head,Store,KABUPATEN BANGKALAN,JAWA TIMUR,Store,REGION 4,JAWA TIMUR 1
7027,7027,7027 - EIGER Adventure Store Diponegoro Surabaya,7027 - EIGER Adventure Store Diponegoro Surabaya Store Head,Store,KOTA SURABAYA,JAWA TIMUR,Store,REGION 4,JAWA TIMUR 1
2387,2387,2387 - EIGER Adventure Store Surapati Bandung,2387 - EIGER Adventure Store Surapati Bandung Store Head,Store,KOTA BANDUNG,JAWA BARAT,Store,REGION 2,JAWA BARAT 2
2302,2302,2302 - EIGER Adventure Store Juanda Karawang,2302 - EIGER Adventure Store Juanda Karawang Store Head,Store,KABUPATEN KARAWANG,JAWA BARAT,Store,REGION 2,JAWA BARAT 4
9013,9013,9013-BAZ PALEMBANG SQUARE,9013-BAZ PALEMBANG SQUARE Store Head,Store,KOTA PALEMBANG,SUMATERA SELATAN,Store,REGION 2,SUMATERA 1
2263,2263,2263 - EIGER Adventure Store Yos Sudarso Sanggatta,2263 - EIGER Adventure Store Yos Sudarso Sanggatta Store Head,Store,KABUPATEN KUTAI TIMUR,KALIMANTAN TIMUR,Store,REGION 5,IBT 1
2356,2356,2356 - EIGER Adventure Store Ngurah Rai Sanur Denpasar,2356 - EIGER Adventure Store Ngurah Rai Sanur Denpasar Store Head,Store,KOTA DENPASAR,BALI,Store,REGION 5,IBT 3
2187,2187,2187 - EIGER Adventure Store Cinere Depok,2187 - EIGER Adventure Store Cinere Depok Store Head,Store,KOTA DEPOK,JAWA BARAT,Store,REGION 1,DKI 4
7026,7026,7026 - EIGER Adventure Store Kopo Bihbul Bandung,7026 - EIGER Adventure Store Kopo Bihbul Bandung Store Head,Store,KABUPATEN BANDUNG,JAWA BARAT,Store,REGION 2,JAWA BARAT 4
2404,2404,2404 - Eiger Store Veteran Bojonegoro,2404 - Eiger Store Veteran Bojonegoro Store Head,Store,KABUPATEN BOJONEGORO,JAWA TIMUR,Store,REGION 4,JAWA TIMUR 3
7020,7020,7020 - EIGER Adventure Store Sunan Drajat Lamongan,7020 - EIGER Adventure Store Sunan Drajat Lamongan Store Head,Store,KABUPATEN LAMONGAN,JAWA TIMUR,Store,REGION 4,JAWA TIMUR 3
2191,2191,2191 - EIGER Adventure Store Transyogi Cibubur Cibinong,2191 - EIGER Adventure Store Transyogi Cibubur Cibinong Store Head,Store,KABUPATEN BOGOR,JAWA BARAT,Store,REGION 1,DKI 4
7010,7010,7010 - EIGER Adventure Store Abdurahman Saleh Sumedang,7010 - EIGER Adventure Store Abdurahman Saleh Sumedang Store Head,Store,KABUPATEN SUMEDANG,JAWA BARAT,Store,REGION 2,JAWA BARAT 3
2273,2273,2273 - EIGER Adventure Store Pb Sudirman Situbondo,2273 - EIGER Adventure Store Pb Sudirman Situbondo Store Head,Store,KABUPATEN SITUBONDO,JAWA TIMUR,Store,REGION 4,JAWA TIMUR 2
2260,2260,2260 - EIGER Adventure Store Pahlawan Kusuma Kediri,2260 - EIGER Adventure Store Pahlawan Kusuma Kediri Store Head,Store,KABUPATEN KEDIRI,JAWA TIMUR,Store,REGION 4,JAWA TIMUR 3
7028,7028,7028 - EIGER Adventure Store Wisma Asri Bekasi,7028 - EIGER Adventure Store Wisma Asri Bekasi Store Head,Store,KOTA BEKASI,JAWA BARAT,Store,REGION 1,DKI 2
2172,2172,2172 - EIGER Adventure Store Cibarusah Bekasi,2172 - EIGER Adventure Store Cibarusah Bekasi Store Head,Store,KABUPATEN BEKASI,JAWA BARAT,Store,REGION 1,DKI 2
2188,2188,2188 - EIGER Adventure Store Jatibening Bekasi,2188 - EIGER Adventure Store Jatibening Bekasi Store Head,Store,KOTA BEKASI,JAWA BARAT,Store,REGION 1,DKI 2
2318,2318,2318 - EIGER Adventure Store Diponegoro Brebes,2318 - EIGER Adventure Store Diponegoro Brebes Store Head,Store,KABUPATEN BREBES,JAWA TENGAH,Store,REGION 3,JAWA TENGAH 2
2070,2070,2070 - EIGER Adventure Store Cokroaminoto Yogyakarta,2070 - EIGER Adventure Store Cokroaminoto Yogyakarta Store Head,Store,KOTA YOGYAKARTA,DIY,Store,REGION 3,JAWA TENGAH 1
2325,2325,2325 - EIGER Adventure Store Sudirman The Hok Jambi,2325 - EIGER Adventure Store Sudirman The Hok Jambi Store Head,Store,KOTA JAMBI,JAMBI,Store,REGION 3,SUMATERA 2
2099,2099,2099 - EIGER Adventure Store Diponegoro TulungAgung,2099 - EIGER Adventure Store Diponegoro TulungAgung Store Head,Store,KABUPATEN TULUNGANGUNG,JAWA TIMUR,Store,REGION 4,JAWA TIMUR 2
2317,2317,2317 - EIGER Adventure Store Raya Manado Bitung,2317 - EIGER Adventure Store Raya Manado Bitung Store Head,Store,KOTA BITUNG,SULAWESI UTARA,Store,REGION 5,IBT 4
5159,5159,5159 - EIGER Adventure Store AEON Mall Sentul Cibinong,5159 - EIGER Adventure Store AEON Mall Sentul Cibinong Store Head,Store,KABUPATEN BOGOR,JAWA BARAT,Store,REGION 1,DKI 4
2279,2279,2279 - EIGER Adventure Store Simpang Empat Bireuen,2279 - EIGER Adventure Store Simpang Empat Bireuen Store Head,Store,KABUPATEN BIREUEN,ACEH,Store,REGION 3,SUMATERA 3
2246,2246,2246 - EIGER Adventure Store Sawojajar Malang,2246 - EIGER Adventure Store Sawojajar Malang Store Head,Store,KOTA MALANG,JAWA TIMUR,Store,REGION 4,JAWA TIMUR 2
2057,2057,2057 - EIGER Adventure Store Damar Padang,2057 - EIGER Adventure Store Damar Padang Store Head,Store,KOTA PADANG,SUMATERA BARAT,Store,REGION 3,SUMATERA 2
2352,2352,2352 - EIGER Adventure Store A.Yani Martapura Banjar,2352 - EIGER Adventure Store A.Yani Martapura Banjar Store Head,Store,KABUPATEN BANJAR,KALIMANTAN SELATAN,Store,REGION 5,IBT 1
2150,2150,2150 - EIGER Adventure Store Veteran Blitar,2150 - EIGER Adventure Store Veteran Blitar Store Head,Store,KOTA BLITAR,JAWA TIMUR,Store,REGION 4,JAWA TIMUR 2
2434,2434,2434 - EIGER Adventure Store Trunojoyo Sumenep,2434 - EIGER Adventure Store Trunojoyo Sumenep Store Head,Store,KABUPATEN SUMENEP,JAWA TIMUR,Store,REGION 4,JAWA TIMUR 1
2243,2243,2243 - EIGER Adventure Store Batara Guru Bau-Bau,2243 - EIGER Adventure Store Batara Guru Bau-Bau Store Head,Store,KOTA BAUBAU,SULAWESI TENGGARA,Store,REGION 5,IBT 2
2432,2432,2432-EIGER Store S Ibrahim Tanah Grogot,2432-EIGER Store S Ibrahim Tanah Grogot Store Head,Store,KABUPATEN PASER,KALIMANTAN TIMUR,Store,REGION 5,IBT 1
2368,2368,2368 - EIGER Adventure Store Gunung Krakatau Medan,2368 - EIGER Adventure Store Gunung Krakatau Medan Store Head,Store,KOTA MEDAN,SUMATERA UTARA,Store,REGION 3,SUMATERA 3
7050,7050,7050 - EIGER Adventure Store A.Yani Banjarbaru,7050 - EIGER Adventure Store A.Yani Banjarbaru Store Head,Store,KOTA BANJARBARU,KALIMANTAN SELATAN,Store,REGION 5,IBT 1
5069,5069,5069 - EIGER Adventure Store Royal Plaza Surabaya,5069 - EIGER Adventure Store Royal Plaza Surabaya Store Head,Store,KOTA SURABAYA,JAWA TIMUR,Store,REGION 4,JAWA TIMUR 1
2417,2417,2417 - Eiger Adventure Store Batoh Aceh,2417 - Eiger Adventure Store Batoh Aceh Store Head,Store,KOTA BANDA ACEH,ACEH,Store,REGION 3,SUMATERA 3
2364,2364,2364 - EIGER Adventure Store Zainul Arifin Stabat,2364 - EIGER Adventure Store Zainul Arifin Stabat Store Head,Store,KABUPATEN LANGKAT,SUMATERA UTARA,Store,REGION 3,SUMATERA 3
2319,2319,2319 - EIGER Adventure Store Magelang Sleman,2319 - EIGER Adventure Store Magelang Sleman Store Head,Store,KABUPATEN SLEMAN,DIY,Store,REGION 3,JAWA TENGAH 1
2373,2373,2373 - EIGER Adventure Store Ruslan Lahat,2373 - EIGER Adventure Store Ruslan Lahat Store Head,Store,KABUPATEN LAHAT,SUMATERA SELATAN,Store,REGION 2,SUMATERA 1
2349,2349,2349 - EIGER Adventure Store Kayu Agung Indralaya,2349 - EIGER Adventure Store Kayu Agung Indralaya Store Head,Store,KABUPATEN OGAN KOMERING ILIR,SUMATERA SELATAN,Store,REGION 2,SUMATERA 1
2345,2345,2345 - EIGER Adventure Store HB Yasin Gorontalo,2345 - EIGER Adventure Store HB Yasin Gorontalo Store Head,Store,KOTA GORONTALO,GORONTALO,Store,REGION 5,IBT 4
2320,2320,2320 - EIGER Adventure Store Juanda Medan,2320 - EIGER Adventure Store Juanda Medan Store Head,Store,KOTA MEDAN,SUMATERA UTARA,Store,REGION 3,SUMATERA 3
2365,2365,2365 - EIGER Adventure Store Cibinong Cibinong,2365 - EIGER Adventure Store Cibinong Cibinong Store Head,Store,KABUPATEN BOGOR,JAWA BARAT,Store,REGION 1,DKI 4
2240,2240,2240 - EIGER Adventure Store Citeureup Cibinong,2240 - EIGER Adventure Store Citeureup Cibinong Store Head,Store,KABUPATEN BOGOR,JAWA BARAT,Store,REGION 1,DKI 4
7042,7042,7042 - EIGER Adventure Store Perintis Daya Makassar,7042 - EIGER Adventure Store Perintis Daya Makassar Store Head,Store,KOTA MAKASSAR,SULAWESI SELATAN,Store,REGION 5,IBT 2
2324,2324,2324 - EIGER Adventure Store Majid Ibrahim Sigli,2324 - EIGER Adventure Store Majid Ibrahim Sigli Store Head,Store,KOTA SIGLI,ACEH,Store,REGION 3,SUMATERA 3
2199,2199,2199 - EIGER Adventure Store A.Yani Banjarmasin,2199 - EIGER Adventure Store A.Yani Banjarmasin Store Head,Store,KOTA BANJARMASIN,KALIMANTAN SELATAN,Store,REGION 5,IBT 1
2226,2226,2226 - EIGER Adventure Store Andi Makkasar Pare Pare,2226 - EIGER Adventure Store Andi Makkasar Pare Pare Store Head,Store,KOTA PAREPARE,SULAWESI SELATAN,Store,REGION 5,IBT 2
7044,7044,7044 - EIGER Adventure Store Pelalawan Pangkalan Kerinci,7044 - EIGER Adventure Store Pelalawan Pangkalan Kerinci Store Head,Store,KABUPATEN PELALAWAN,RIAU,Store,REGION 3,SUMATERA 2
2351,2351,2351 - EIGER Adventure Store SM Raja Balige,2351 - EIGER Adventure Store SM Raja Balige Store Head,Store,KABUPATEN TOBA,SUMATERA UTARA,Store,REGION 3,SUMATERA 3
7031,7031,7031 - EIGER Adventure Store Rajawali Surabaya,7031 - EIGER Adventure Store Rajawali Surabaya Store Head,Store,KOTA SURABAYA,JAWA TIMUR,Store,REGION 4,JAWA TIMUR 1
2286,2286,2286 - EIGER Adventure Store Andi Djemma Palopo,2286 - EIGER Adventure Store Andi Djemma Palopo Store Head,Store,KOTA PALOPO,SULAWESI SELATAN,Store,REGION 5,IBT 2
2409,2409,2409 - EIGER Woman & Junior Store Manyar Surabaya,2409 - EIGER Woman & Junior Store Manyar Surabaya Store Head,Store,KOTA SURABAYA,JAWA TIMUR,Store,REGION 4,JAWA TIMUR 1
2343,2343,2343 - EIGER Adventure Store Datoe Binangkang Kotamobagu,2343 - EIGER Adventure Store Datoe Binangkang Kotamobagu Store Head,Store,KOTA KOTAMOBAGU,SULAWESI UTARA,Store,REGION 5,IBT 4
7055,7055,7055 - EIGER Store Soetta Balikpapan,7055 - EIGER Store Soetta Balikpapan Store Head,Store,KOTA BALIKPAPAN,KALIMANTAN TIMUR,Store,REGION 5,IBT 1
2431,2431,2431-EIGER Store Palopo Gorontalo,2431-EIGER Store Palopo Gorontalo Store Head,Store,KABUPATEN POHUWATO,GORONTALO,Store,REGION 5,IBT 2
2124,2124,2124 - EIGER Adventure Store A.Yani Waingapu,2124 - EIGER Adventure Store A.Yani Waingapu Store Head,Store,KABUPATEN SUMBA TIMUR,NTT,Store,REGION 5,IBT 3
9021,9021,9021-BAZ EG OL IBT,9021-BAZ EG OL IBT Store Head,Store,KOTA MAKASSAR,SULAWESI SELATAN,Store,REGION 5,IBT 2
2327,2327,2327 - EIGER Adventure Store Sukorejo Wonogiri,2327 - EIGER Adventure Store Sukorejo Wonogiri Store Head,Store,KABUPATEN WONOGIRI,JAWA TENGAH,Store,REGION 3,JAWA TENGAH 1
5112,5112,5112 - EIGER Adventure Store Q Mall Banjarbaru,5112 - EIGER Adventure Store Q Mall Banjarbaru Store Head,Store,KOTA BANJARMASIN,KALIMANTAN SELATAN,Store,REGION 5,IBT 1
2355,2355,2355 - EIGER Adventure Store Hasanudin Sumbawa Besar,2355 - EIGER Adventure Store Hasanudin Sumbawa Besar Store Head,Store,KABUPATEN SUMBAWA,NTB,Store,REGION 5,IBT 3
7046,7046,7046 - EIGER Adventure Store Simpang Empat Batulicin,7046 - EIGER Adventure Store Simpang Empat Batulicin Store Head,Store,KABUPATEN TANAH BUMBU,KALIMANTAN SELATAN,Store,REGION 5,IBT 1
7045,7045,7045 - EIGER Adventure Store Gatot Subroto Ende,7045 - EIGER Adventure Store Gatot Subroto Ende Store Head,Store,KABUPATEN ENDE,NTT,Store,REGION 5,IBT 3
2123,2123,2123 - EIGER Adventure Store Marelan Medan,2123 - EIGER Adventure Store Marelan Medan Store Head,Store,KOTA MEDAN,SUMATERA UTARA,Store,REGION 3,SUMATERA 3
7030,7030,7030 - EIGER Adventure Store Sumur Putih Pamekasan,7030 - EIGER Adventure Store Sumur Putih Pamekasan Store Head,Store,KABUPATEN PAMEKASAN,JAWA TIMUR,Store,REGION 4,JAWA TIMUR 1
2182,2182,2182 - EIGER Adventure Store Basuki Rahmat Tuban,2182 - EIGER Adventure Store Basuki Rahmat Tuban Store Head,Store,KABUPATEN TUBAN,JAWA TIMUR,Store,REGION 4,JAWA TIMUR 3
2375,2375,2375 - EIGER Adventure Store Lintas Sumatera Indralaya,2375 - EIGER Adventure Store Lintas Sumatera Indralaya Store Head,Store,KABUPATEN OGAN KOMERING ILIR,SUMATERA SELATAN,Store,REGION 2,SUMATERA 1
2363,2363,2363 - EIGER Adventure Store Percetakan Negara Jayapura,2363 - EIGER Adventure Store Percetakan Negara Jayapura Store Head,Store,KOTA JAYAPURA,PAPUA,Store,REGION 5,IBT 4
2384,2384,2384 - EIGER Adventure Store Jembrana Negara,2384 - EIGER Adventure Store Jembrana Negara Store Head,Store,KABUPATEN JEMBRANA,BALI,Store,REGION 5,IBT 3
2385,2385,2385 - EIGER Adventure Store Tanah Hitam Abepura Jayapura,2385 - EIGER Adventure Store Tanah Hitam Abepura Jayapura Store Head,Store,KOTA JAYAPURA,PAPUA,Store,REGION 5,IBT 4
2329,2329,2329 - EIGER Adventure Store Budi Utomo Timika,2329 - EIGER Adventure Store Budi Utomo Timika Store Head,Store,KABUPATEN MIMIKA,PAPUA,Store,REGION 5,IBT 4
2374,2374,2374 - EIGER Adventure Store Jen.Sudirman Prabumulih,2374 - EIGER Adventure Store Jen.Sudirman Prabumulih Store Head,Store,KOTA PRABUMULIH,SUMATERA SELATAN,Store,REGION 2,SUMATERA 1
2403,2403,2403 - EIGER Adventure Store Jen. A.Yani Pringsewu,2403 - EIGER Adventure Store Jen. A.Yani Pringsewu Store Head,Store,KABUPATEN PRINGSEWU,LAMPUNG,Store,REGION 2,SUMATERA 1
2347,2347,2347 - EIGER Adventure Store R.Suprapto Sibolga,2347 - EIGER Adventure Store R.Suprapto Sibolga Store Head,Store,KOTA SIBOLGA,SUMATERA UTARA,Store,REGION 3,SUMATERA 3
2186,2186,2186 - EIGER Adventure Store A.Yani Metro - Lampung,2186 - EIGER Adventure Store A.Yani Metro - Lampung Store Head,Store,KOTA METRO,LAMPUNG,Store,REGION 2,SUMATERA 1
2358,2358,2358 - EIGER Adventure Store Sudirman Padang Sidempuan,2358 - EIGER Adventure Store Sudirman Padang Sidempuan Store Head,Store,KOTA PADANGSIDIMPUAN,SUMATERA UTARA,Store,REGION 3,SUMATERA 3
2379,2379,2379 - EIGER Adventure Store Yos Sudarso Lubuk Linggau,2379 - EIGER Adventure Store Yos Sudarso Lubuk Linggau Store Head,Store,KOTA LUBUKLINGGAU,SUMATERA SELATAN,Store,REGION 2,SUMATERA 1
5158,5158,5158 - EIGER Adventure Store Bandara Soetta Tangerang,5158 - EIGER Adventure Store Bandara Soetta Tangerang Store Head,Store,KOTA TANGERANG,BANTEN,Store,REGION 1,DKI 3
2424,2424,2424 - EIGER Adventure Store Sukowati Sragen,2424 - EIGER Adventure Store Sukowati Sragen Store Head,Store,KABUPATEN SRAGEN,JAWA TENGAH,Store,REGION 3,JAWA TENGAH 1
2354,2354,2354 - EIGER Adventure Store Batang Bungo Muara Bungo,2354 - EIGER Adventure Store Batang Bungo Muara Bungo Store Head,Store,KABUPATEN BUNGO,JAMBI,Store,REGION 3,SUMATERA 2
2416,2416,2416 - EIGER Adventure Store Proklamator Gunung Sugih,2416 - EIGER Adventure Store Proklamator Gunung Sugih Store Head,Store,KABUPATEN TERBANGGI BESAR,LAMPUNG,Store,REGION 2,SUMATERA 1
5173,5173,5173 - EIGER Adventure Store Bencoolen Mall Bengkulu,5173 - EIGER Adventure Store Bencoolen Mall Bengkulu Store Head,Store,KOTA BENGKULU,BENGKULU,Store,REGION 2,SUMATERA 1
9009,9009,9009-BAZ EG MARGONDA DEPOK,9009-BAZ EG MARGONDA DEPOK Store Head,Store,KOTA DEPOK,JAWA BARAT,Store,REGION 1,DKI 4
2433,2433,2433 - EIGER Adventure Store Bhayangkara Ruteng,2433 - EIGER Adventure Store Bhayangkara Ruteng Store Head,Store,KABUPATEN MANGGARAI,NUSA TENGGARA TIMUR,Store,REGION 5,IBT 3
2342,2342,2342 - EIGER Adventure Store Brig. Katamso Wonosari,2342 - EIGER Adventure Store Brig. Katamso Wonosari Store Head,Store,KABUPATEN GUNUNG KIDUL,DIY,Store,REGION 3,JAWA TENGAH 1
2383,2383,2383 - EIGER Adventure Store Trikora Manokwari,2383 - EIGER Adventure Store Trikora Manokwari Store Head,Store,KABUPATEN MANOKWARI,PAPUA BARAT,Store,REGION 5,IBT 4
9008,9008,9008-BAZ EG EX BP OL JABAR V,9008-BAZ EG EX BP OL JABAR V Store Head,Store,KOTA BANDUNG,JAWA BARAT,Store,REGION 2,JAWA BARAT 1
9031,9031,9031-EAS BAZ SUM 02 3,9031-EAS BAZ SUM 02 3 Store Head,Store,KOTA PEKANBARU,RIAU,Store,REGION 3,SUMATERA 2
9004,9004,9004-BAZ EG EX BP OL III,9004-BAZ EG EX BP OL III Store Head,Store,KOTA BANDUNG,JAWA BARAT,Store,REGION 2,JAWA BARAT 1
9015,9015,9015-BAZ EG OL JABAR II,9015-BAZ EG OL JABAR II Store Head,Store,KOTA TASIKMALAYA,JAWA BARAT,Store,REGION 2,JAWA BARAT 2
2470,2470,2470 - EIGER ST H Basri Banjarmasin,2470 - EIGER ST H Basri Banjarmasin Store Head,Store,KOTA BANJARMASIN,KALIMANTAN SELATAN,Store,REGION 5,IBT 1
2482,2482,2482 - EIGER ST Gatot Subroto Banjarmasin,2482 - EIGER ST Gatot Subroto Banjarmasin Store Head,Store,KOTA BANJARMASIN,KALIMANTAN SELATAN,Store,REGION 5,IBT 1